Budget, Robust-FW_mean, Robust-FW_std, PARWiS_mean, PARWiS_std, SELECT_mean, SELECT_std, RUCB_mean, RUCB_std, MultiSort_mean, MultiSort_std, Knockout_mean, Knockout_std
     1,       0.005000,      0.070534,    0.515000,   0.499775,    0.000000,   0.000000,  0.005000, 0.070534,       0.000000,      0.000000,      0.015000,     0.121552
     2,       0.005000,      0.070534,    0.515000,   0.499775,    0.000000,   0.000000,  0.010000, 0.099499,       0.000000,      0.000000,      0.015000,     0.121552
     3,       0.005000,      0.070534,    0.515000,   0.499775,    0.000000,   0.000000,  0.000000, 0.000000,       0.000000,      0.000000,      0.025000,     0.156125
     4,       0.025000,      0.156125,    0.515000,   0.499775,    0.000000,   0.000000,  0.000000, 0.000000,       0.000000,      0.000000,      0.025000,     0.156125
     5,       0.030000,      0.170587,    0.515000,   0.499775,    0.000000,   0.000000,  0.000000, 0.000000,       0.000000,      0.000000,      0.025000,     0.156125
     6,       0.030000,      0.170587,    0.515000,   0.499775,    0.000000,   0.000000,  0.000000, 0.000000,       0.000000,      0.000000,      0.010000,     0.099499
     7,       0.030000,      0.170587,    0.515000,   0.499775,    0.000000,   0.000000,  0.000000, 0.000000,       0.000000,      0.000000,      0.010000,     0.099499
     8,       0.030000,      0.170587,    0.515000,   0.499775,    0.000000,   0.000000,  0.000000, 0.000000,       0.000000,      0.000000,      0.010000,     0.099499
     9,       0.035000,      0.183780,    0.515000,   0.499775,    0.000000,   0.000000,  0.000000, 0.000000,       0.000000,      0.000000,      0.020000,     0.140000
    10,       0.035000,      0.183780,    0.515000,   0.499775,    0.000000,   0.000000,  0.000000, 0.000000,       0.000000,      0.000000,      0.020000,     0.140000
    11,       0.040000,      0.195959,    0.515000,   0.499775,    0.000000,   0.000000,  0.000000, 0.000000,       0.000000,      0.000000,      0.020000,     0.140000
    12,       0.055000,      0.227980,    0.515000,   0.499775,    0.000000,   0.000000,  0.000000, 0.000000,       0.000000,      0.000000,      0.010000,     0.099499
    13,       0.060000,      0.237487,    0.515000,   0.499775,    0.000000,   0.000000,  0.000000, 0.000000,       0.000000,      0.000000,      0.010000,     0.099499
    14,       0.065000,      0.246526,    0.515000,   0.499775,    0.000000,   0.000000,  0.000000, 0.000000,       0.000000,      0.000000,      0.010000,     0.099499
    15,       0.065000,      0.246526,    0.515000,   0.499775,    0.000000,   0.000000,  0.000000, 0.000000,       0.000000,      0.000000,      0.025000,     0.156125
    16,       0.065000,      0.246526,    0.515000,   0.499775,    0.000000,   0.000000,  0.000000, 0.000000,       0.000000,      0.000000,      0.025000,     0.156125
    17,       0.065000,      0.246526,    0.515000,   0.499775,    0.000000,   0.000000,  0.000000, 0.000000,       0.000000,      0.000000,      0.025000,     0.156125
    18,       0.060000,      0.237487,    0.515000,   0.499775,    0.000000,   0.000000,  0.000000, 0.000000,       0.000000,      0.000000,      0.020000,     0.140000
    19,       0.060000,      0.237487,    0.515000,   0.499775,    0.000000,   0.000000,  0.000000, 0.000000,       0.000000,      0.000000,      0.020000,     0.140000
    20,       0.065000,      0.246526,    0.515000,   0.499775,    0.000000,   0.000000,  0.000000, 0.000000,       0.000000,      0.000000,      0.020000,     0.140000
    21,       0.060000,      0.237487,    0.515000,   0.499775,    0.000000,   0.000000,  0.000000, 0.000000,       0.000000,      0.000000,      0.015000,     0.121552
    22,       0.060000,      0.237487,    0.515000,   0.499775,    0.000000,   0.000000,  0.000000, 0.000000,       0.000000,      0.000000,      0.015000,     0.121552
    23,       0.060000,      0.237487,    0.515000,   0.499775,    0.000000,   0.000000,  0.000000, 0.000000,       0.000000,      0.000000,      0.015000,     0.121552
    24,       0.055000,      0.227980,    0.515000,   0.499775,    0.000000,   0.000000,  0.000000, 0.000000,       0.000000,      0.000000,      0.020000,     0.140000
    25,       0.055000,      0.227980,    0.515000,   0.499775,    0.000000,   0.000000,  0.000000, 0.000000,       0.000000,      0.000000,      0.020000,     0.140000
    26,       0.055000,      0.227980,    0.515000,   0.499775,    0.000000,   0.000000,  0.000000, 0.000000,       0.000000,      0.000000,      0.020000,     0.140000
    27,       0.080000,      0.271293,    0.515000,   0.499775,    0.000000,   0.000000,  0.000000, 0.000000,       0.000000,      0.000000,      0.030000,     0.170587
    28,       0.080000,      0.271293,    0.515000,   0.499775,    0.000000,   0.000000,  0.000000, 0.000000,       0.000000,      0.000000,      0.030000,     0.170587
    29,       0.080000,      0.271293,    0.515000,   0.499775,    0.000000,   0.000000,  0.000000, 0.000000,       0.000000,      0.000000,      0.030000,     0.170587
    30,       0.080000,      0.271293,    0.515000,   0.499775,    0.000000,   0.000000,  0.000000, 0.000000,       0.000000,      0.000000,      0.035000,     0.183780
    31,       0.080000,      0.271293,    0.515000,   0.499775,    0.000000,   0.000000,  0.000000, 0.000000,       0.000000,      0.000000,      0.035000,     0.183780
    32,       0.080000,      0.271293,    0.515000,   0.499775,    0.000000,   0.000000,  0.000000, 0.000000,       0.000000,      0.000000,      0.035000,     0.183780
    33,       0.060000,      0.237487,    0.515000,   0.499775,    0.000000,   0.000000,  0.000000, 0.000000,       0.000000,      0.000000,      0.020000,     0.140000
    34,       0.060000,      0.237487,    0.515000,   0.499775,    0.000000,   0.000000,  0.000000, 0.000000,       0.000000,      0.000000,      0.020000,     0.140000
    35,       0.060000,      0.237487,    0.515000,   0.499775,    0.000000,   0.000000,  0.000000, 0.000000,       0.000000,      0.000000,      0.020000,     0.140000
    36,       0.060000,      0.237487,    0.515000,   0.499775,    0.000000,   0.000000,  0.000000, 0.000000,       0.000000,      0.000000,      0.030000,     0.170587
    37,       0.060000,      0.237487,    0.515000,   0.499775,    0.000000,   0.000000,  0.000000, 0.000000,       0.000000,      0.000000,      0.030000,     0.170587
    38,       0.060000,      0.237487,    0.515000,   0.499775,    0.000000,   0.000000,  0.000000, 0.000000,       0.000000,      0.000000,      0.030000,     0.170587
    39,       0.055000,      0.227980,    0.515000,   0.499775,    0.000000,   0.000000,  0.000000, 0.000000,       0.000000,      0.000000,      0.005000,     0.070534
    40,       0.055000,      0.227980,    0.515000,   0.499775,    0.000000,   0.000000,  0.000000, 0.000000,       0.000000,      0.000000,      0.005000,     0.070534
    41,       0.055000,      0.227980,    0.515000,   0.499775,    0.000000,   0.000000,  0.000000, 0.000000,       0.000000,      0.000000,      0.005000,     0.070534
    42,       0.045000,      0.207304,    0.515000,   0.499775,    0.000000,   0.000000,  0.000000, 0.000000,       0.000000,      0.000000,      0.020000,     0.140000
    43,       0.045000,      0.207304,    0.515000,   0.499775,    0.000000,   0.000000,  0.000000, 0.000000,       0.000000,      0.000000,      0.020000,     0.140000
    44,       0.045000,      0.207304,    0.515000,   0.499775,    0.000000,   0.000000,  0.000000, 0.000000,       0.000000,      0.000000,      0.020000,     0.140000
    45,       0.040000,      0.195959,    0.515000,   0.499775,    0.000000,   0.000000,  0.000000, 0.000000,       0.000000,      0.000000,      0.005000,     0.070534
    46,       0.040000,      0.195959,    0.515000,   0.499775,    0.000000,   0.000000,  0.000000, 0.000000,       0.000000,      0.000000,      0.005000,     0.070534
    47,       0.040000,      0.195959,    0.515000,   0.499775,    0.000000,   0.000000,  0.000000, 0.000000,       0.000000,      0.000000,      0.005000,     0.070534
    48,       0.040000,      0.195959,    0.515000,   0.499775,    0.000000,   0.000000,  0.000000, 0.000000,       0.000000,      0.000000,      0.040000,     0.195959
    49,       0.040000,      0.195959,    0.515000,   0.499775,    0.000000,   0.000000,  0.000000, 0.000000,       0.000000,      0.000000,      0.040000,     0.195959
    50,       0.040000,      0.195959,    0.515000,   0.499775,    0.000000,   0.000000,  0.000000, 0.000000,       0.000000,      0.000000,      0.040000,     0.195959
    51,       0.035000,      0.183780,    0.515000,   0.499775,    0.000000,   0.000000,  0.000000, 0.000000,       0.000000,      0.000000,      0.010000,     0.099499
    52,       0.035000,      0.183780,    0.515000,   0.499775,    0.000000,   0.000000,  0.000000, 0.000000,       0.000000,      0.000000,      0.010000,     0.099499
    53,       0.035000,      0.183780,    0.515000,   0.499775,    0.000000,   0.000000,  0.000000, 0.000000,       0.000000,      0.000000,      0.010000,     0.099499
    54,       0.030000,      0.170587,    0.515000,   0.499775,    0.000000,   0.000000,  0.000000, 0.000000,       0.000000,      0.000000,      0.025000,     0.156125
    55,       0.030000,      0.170587,    0.515000,   0.499775,    0.000000,   0.000000,  0.000000, 0.000000,       0.000000,      0.000000,      0.025000,     0.156125
    56,       0.030000,      0.170587,    0.515000,   0.499775,    0.000000,   0.000000,  0.000000, 0.000000,       0.000000,      0.000000,      0.025000,     0.156125
    57,       0.030000,      0.170587,    0.515000,   0.499775,    0.000000,   0.000000,  0.000000, 0.000000,       0.000000,      0.000000,      0.030000,     0.170587
    58,       0.030000,      0.170587,    0.515000,   0.499775,    0.000000,   0.000000,  0.000000, 0.000000,       0.000000,      0.000000,      0.030000,     0.170587
    59,       0.030000,      0.170587,    0.515000,   0.499775,    0.000000,   0.000000,  0.000000, 0.000000,       0.000000,      0.000000,      0.030000,     0.170587
    60,       0.030000,      0.170587,    0.515000,   0.499775,    0.000000,   0.000000,  0.000000, 0.000000,       0.000000,      0.000000,      0.010000,     0.099499
    61,       0.030000,      0.170587,    0.515000,   0.499775,    0.000000,   0.000000,  0.000000, 0.000000,       0.000000,      0.000000,      0.010000,     0.099499
    62,       0.030000,      0.170587,    0.515000,   0.499775,    0.000000,   0.000000,  0.000000, 0.000000,       0.000000,      0.000000,      0.010000,     0.099499
    63,       0.030000,      0.170587,    0.515000,   0.499775,    0.000000,   0.000000,  0.000000, 0.000000,       0.000000,      0.000000,      0.030000,     0.170587
    64,       0.030000,      0.170587,    0.515000,   0.499775,    0.000000,   0.000000,  0.000000, 0.000000,       0.000000,      0.000000,      0.030000,     0.170587
    65,       0.030000,      0.170587,    0.515000,   0.499775,    0.000000,   0.000000,  0.000000, 0.000000,       0.000000,      0.000000,      0.030000,     0.170587
    66,       0.035000,      0.183780,    0.515000,   0.499775,    0.000000,   0.000000,  0.000000, 0.000000,       0.000000,      0.000000,      0.030000,     0.170587
    67,       0.035000,      0.183780,    0.515000,   0.499775,    0.000000,   0.000000,  0.000000, 0.000000,       0.000000,      0.000000,      0.030000,     0.170587
    68,       0.035000,      0.183780,    0.515000,   0.499775,    0.000000,   0.000000,  0.000000, 0.000000,       0.000000,      0.000000,      0.030000,     0.170587
    69,       0.030000,      0.170587,    0.515000,   0.499775,    0.000000,   0.000000,  0.000000, 0.000000,       0.000000,      0.000000,      0.030000,     0.170587
    70,       0.030000,      0.170587,    0.515000,   0.499775,    0.000000,   0.000000,  0.000000, 0.000000,       0.000000,      0.000000,      0.030000,     0.170587
    71,       0.030000,      0.170587,    0.515000,   0.499775,    0.000000,   0.000000,  0.000000, 0.000000,       0.000000,      0.000000,      0.030000,     0.170587
    72,       0.030000,      0.170587,    0.515000,   0.499775,    0.000000,   0.000000,  0.000000, 0.000000,       0.000000,      0.000000,      0.020000,     0.140000
    73,       0.030000,      0.170587,    0.515000,   0.499775,    0.000000,   0.000000,  0.000000, 0.000000,       0.000000,      0.000000,      0.020000,     0.140000
    74,       0.030000,      0.170587,    0.515000,   0.499775,    0.000000,   0.000000,  0.000000, 0.000000,       0.000000,      0.000000,      0.020000,     0.140000
    75,       0.030000,      0.170587,    0.515000,   0.499775,    0.000000,   0.000000,  0.000000, 0.000000,       0.000000,      0.000000,      0.010000,     0.099499
    76,       0.030000,      0.170587,    0.515000,   0.499775,    0.000000,   0.000000,  0.000000, 0.000000,       0.000000,      0.000000,      0.010000,     0.099499
    77,       0.030000,      0.170587,    0.515000,   0.499775,    0.000000,   0.000000,  0.000000, 0.000000,       0.000000,      0.000000,      0.010000,     0.099499
    78,       0.030000,      0.170587,    0.515000,   0.499775,    0.000000,   0.000000,  0.000000, 0.000000,       0.000000,      0.000000,      0.015000,     0.121552
    79,       0.030000,      0.170587,    0.515000,   0.499775,    0.000000,   0.000000,  0.000000, 0.000000,       0.000000,      0.000000,      0.015000,     0.121552
    80,       0.030000,      0.170587,    0.515000,   0.499775,    0.000000,   0.000000,  0.000000, 0.000000,       0.000000,      0.000000,      0.015000,     0.121552
    81,       0.025000,      0.156125,    0.515000,   0.499775,    0.000000,   0.000000,  0.000000, 0.000000,       0.000000,      0.000000,      0.005000,     0.070534
    82,       0.025000,      0.156125,    0.515000,   0.499775,    0.000000,   0.000000,  0.000000, 0.000000,       0.000000,      0.000000,      0.005000,     0.070534
    83,       0.025000,      0.156125,    0.515000,   0.499775,    0.000000,   0.000000,  0.000000, 0.000000,       0.000000,      0.000000,      0.005000,     0.070534
    84,       0.030000,      0.170587,    0.515000,   0.499775,    0.000000,   0.000000,  0.000000, 0.000000,       0.000000,      0.000000,      0.005000,     0.070534
    85,       0.030000,      0.170587,    0.515000,   0.499775,    0.000000,   0.000000,  0.000000, 0.000000,       0.000000,      0.000000,      0.005000,     0.070534
    86,       0.030000,      0.170587,    0.515000,   0.499775,    0.000000,   0.000000,  0.000000, 0.000000,       0.000000,      0.000000,      0.005000,     0.070534
    87,       0.020000,      0.140000,    0.515000,   0.499775,    0.000000,   0.000000,  0.000000, 0.000000,       0.000000,      0.000000,      0.015000,     0.121552
    88,       0.020000,      0.140000,    0.515000,   0.499775,    0.000000,   0.000000,  0.000000, 0.000000,       0.000000,      0.000000,      0.015000,     0.121552
    89,       0.020000,      0.140000,    0.515000,   0.499775,    0.000000,   0.000000,  0.000000, 0.000000,       0.000000,      0.000000,      0.015000,     0.121552
    90,       0.020000,      0.140000,    0.515000,   0.499775,    0.000000,   0.000000,  0.000000, 0.000000,       0.000000,      0.000000,      0.005000,     0.070534
    91,       0.020000,      0.140000,    0.515000,   0.499775,    0.000000,   0.000000,  0.000000, 0.000000,       0.000000,      0.000000,      0.005000,     0.070534
    92,       0.020000,      0.140000,    0.515000,   0.499775,    0.000000,   0.000000,  0.000000, 0.000000,       0.000000,      0.000000,      0.005000,     0.070534
    93,       0.025000,      0.156125,    0.515000,   0.499775,    0.000000,   0.000000,  0.000000, 0.000000,       0.000000,      0.000000,      0.015000,     0.121552
    94,       0.025000,      0.156125,    0.515000,   0.499775,    0.000000,   0.000000,  0.000000, 0.000000,       0.000000,      0.000000,      0.015000,     0.121552
    95,       0.025000,      0.156125,    0.515000,   0.499775,    0.000000,   0.000000,  0.000000, 0.000000,       0.000000,      0.000000,      0.015000,     0.121552
    96,       0.025000,      0.156125,    0.515000,   0.499775,    0.000000,   0.000000,  0.000000, 0.000000,       0.000000,      0.000000,      0.035000,     0.183780
    97,       0.025000,      0.156125,    0.515000,   0.499775,    0.000000,   0.000000,  0.000000, 0.000000,       0.000000,      0.000000,      0.035000,     0.183780
    98,       0.025000,      0.156125,    0.515000,   0.499775,    0.000000,   0.000000,  0.000000, 0.000000,       0.000000,      0.000000,      0.035000,     0.183780
    99,       0.030000,      0.170587,    0.515000,   0.499775,    0.575000,   0.494343,  0.000000, 0.000000,       0.000000,      0.000000,      0.020000,     0.140000
   100,       0.030000,      0.170587,    0.570000,   0.495076,    0.575000,   0.494343,  0.000000, 0.000000,       0.000000,      0.000000,      0.020000,     0.140000
   101,       0.030000,      0.170587,    0.580000,   0.493559,    0.575000,   0.494343,  0.000000, 0.000000,       0.000000,      0.000000,      0.020000,     0.140000
   102,       0.020000,      0.140000,    0.600000,   0.489898,    0.575000,   0.494343,  0.000000, 0.000000,       0.000000,      0.000000,      0.025000,     0.156125
   103,       0.020000,      0.140000,    0.600000,   0.489898,    0.575000,   0.494343,  0.000000, 0.000000,       0.000000,      0.000000,      0.025000,     0.156125
   104,       0.020000,      0.140000,    0.605000,   0.488851,    0.575000,   0.494343,  0.000000, 0.000000,       0.000000,      0.000000,      0.025000,     0.156125
   105,       0.020000,      0.140000,    0.605000,   0.488851,    0.575000,   0.494343,  0.000000, 0.000000,       0.000000,      0.000000,      0.020000,     0.140000
   106,       0.020000,      0.140000,    0.610000,   0.487750,    0.575000,   0.494343,  0.000000, 0.000000,       0.000000,      0.000000,      0.020000,     0.140000
   107,       0.020000,      0.140000,    0.610000,   0.487750,    0.575000,   0.494343,  0.000000, 0.000000,       0.000000,      0.000000,      0.020000,     0.140000
   108,       0.020000,      0.140000,    0.610000,   0.487750,    0.575000,   0.494343,  0.000000, 0.000000,       0.000000,      0.000000,      0.035000,     0.183780
   109,       0.025000,      0.156125,    0.610000,   0.487750,    0.575000,   0.494343,  0.000000, 0.000000,       0.000000,      0.000000,      0.035000,     0.183780
   110,       0.015000,      0.121552,    0.610000,   0.487750,    0.575000,   0.494343,  0.000000, 0.000000,       0.000000,      0.000000,      0.035000,     0.183780
   111,       0.020000,      0.140000,    0.610000,   0.487750,    0.575000,   0.494343,  0.000000, 0.000000,       0.000000,      0.000000,      0.020000,     0.140000
   112,       0.030000,      0.170587,    0.610000,   0.487750,    0.575000,   0.494343,  0.000000, 0.000000,       0.000000,      0.000000,      0.020000,     0.140000
   113,       0.030000,      0.170587,    0.610000,   0.487750,    0.575000,   0.494343,  0.000000, 0.000000,       0.000000,      0.000000,      0.020000,     0.140000
   114,       0.035000,      0.183780,    0.610000,   0.487750,    0.575000,   0.494343,  0.000000, 0.000000,       0.000000,      0.000000,      0.000000,     0.000000
   115,       0.035000,      0.183780,    0.610000,   0.487750,    0.575000,   0.494343,  0.000000, 0.000000,       0.000000,      0.000000,      0.000000,     0.000000
   116,       0.035000,      0.183780,    0.610000,   0.487750,    0.575000,   0.494343,  0.000000, 0.000000,       0.000000,      0.000000,      0.000000,     0.000000
   117,       0.035000,      0.183780,    0.610000,   0.487750,    0.575000,   0.494343,  0.000000, 0.000000,       0.000000,      0.000000,      0.015000,     0.121552
   118,       0.045000,      0.207304,    0.610000,   0.487750,    0.575000,   0.494343,  0.000000, 0.000000,       0.000000,      0.000000,      0.015000,     0.121552
   119,       0.045000,      0.207304,    0.610000,   0.487750,    0.575000,   0.494343,  0.000000, 0.000000,       0.000000,      0.000000,      0.015000,     0.121552
   120,       0.055000,      0.227980,    0.610000,   0.487750,    0.575000,   0.494343,  0.000000, 0.000000,       0.000000,      0.000000,      0.025000,     0.156125
   121,       0.060000,      0.237487,    0.610000,   0.487750,    0.575000,   0.494343,  0.000000, 0.000000,       0.000000,      0.000000,      0.025000,     0.156125
   122,       0.070000,      0.255147,    0.610000,   0.487750,    0.575000,   0.494343,  0.000000, 0.000000,       0.000000,      0.000000,      0.025000,     0.156125
   123,       0.075000,      0.263391,    0.610000,   0.487750,    0.575000,   0.494343,  0.000000, 0.000000,       0.000000,      0.000000,      0.005000,     0.070534
   124,       0.085000,      0.278882,    0.610000,   0.487750,    0.575000,   0.494343,  0.000000, 0.000000,       0.000000,      0.000000,      0.005000,     0.070534
   125,       0.090000,      0.286182,    0.610000,   0.487750,    0.575000,   0.494343,  0.000000, 0.000000,       0.000000,      0.000000,      0.005000,     0.070534
   126,       0.095000,      0.293215,    0.610000,   0.487750,    0.575000,   0.494343,  0.000000, 0.000000,       0.000000,      0.000000,      0.025000,     0.156125
   127,       0.095000,      0.293215,    0.610000,   0.487750,    0.575000,   0.494343,  0.000000, 0.000000,       0.000000,      0.000000,      0.025000,     0.156125
   128,       0.100000,      0.300000,    0.610000,   0.487750,    0.575000,   0.494343,  0.000000, 0.000000,       0.000000,      0.000000,      0.025000,     0.156125
   129,       0.090000,      0.286182,    0.610000,   0.487750,    0.575000,   0.494343,  0.000000, 0.000000,       0.000000,      0.000000,      0.015000,     0.121552
   130,       0.100000,      0.300000,    0.610000,   0.487750,    0.575000,   0.494343,  0.000000, 0.000000,       0.000000,      0.000000,      0.015000,     0.121552
   131,       0.100000,      0.300000,    0.610000,   0.487750,    0.575000,   0.494343,  0.000000, 0.000000,       0.000000,      0.000000,      0.015000,     0.121552
   132,       0.105000,      0.306553,    0.610000,   0.487750,    0.575000,   0.494343,  0.000000, 0.000000,       0.000000,      0.000000,      0.010000,     0.099499
   133,       0.115000,      0.319022,    0.610000,   0.487750,    0.575000,   0.494343,  0.000000, 0.000000,       0.000000,      0.000000,      0.010000,     0.099499
   134,       0.115000,      0.319022,    0.610000,   0.487750,    0.575000,   0.494343,  0.000000, 0.000000,       0.000000,      0.000000,      0.010000,     0.099499
   135,       0.115000,      0.319022,    0.610000,   0.487750,    0.575000,   0.494343,  0.000000, 0.000000,       0.000000,      0.000000,      0.020000,     0.140000
   136,       0.125000,      0.330719,    0.610000,   0.487750,    0.575000,   0.494343,  0.000000, 0.000000,       0.000000,      0.000000,      0.020000,     0.140000
   137,       0.140000,      0.346987,    0.610000,   0.487750,    0.575000,   0.494343,  0.000000, 0.000000,       0.000000,      0.000000,      0.020000,     0.140000
   138,       0.140000,      0.346987,    0.610000,   0.487750,    0.575000,   0.494343,  0.000000, 0.000000,       0.000000,      0.000000,      0.035000,     0.183780
   139,       0.140000,      0.346987,    0.610000,   0.487750,    0.575000,   0.494343,  0.000000, 0.000000,       0.000000,      0.000000,      0.035000,     0.183780
   140,       0.150000,      0.357071,    0.610000,   0.487750,    0.575000,   0.494343,  0.000000, 0.000000,       0.000000,      0.000000,      0.035000,     0.183780
   141,       0.150000,      0.357071,    0.610000,   0.487750,    0.575000,   0.494343,  0.000000, 0.000000,       0.000000,      0.000000,      0.030000,     0.170587
   142,       0.155000,      0.361905,    0.610000,   0.487750,    0.575000,   0.494343,  0.000000, 0.000000,       0.000000,      0.000000,      0.030000,     0.170587
   143,       0.165000,      0.371181,    0.610000,   0.487750,    0.575000,   0.494343,  0.000000, 0.000000,       0.000000,      0.000000,      0.030000,     0.170587
   144,       0.165000,      0.371181,    0.610000,   0.487750,    0.575000,   0.494343,  0.000000, 0.000000,       0.000000,      0.000000,      0.005000,     0.070534
   145,       0.170000,      0.375633,    0.610000,   0.487750,    0.575000,   0.494343,  0.000000, 0.000000,       0.000000,      0.000000,      0.005000,     0.070534
   146,       0.180000,      0.384187,    0.615000,   0.486595,    0.575000,   0.494343,  0.000000, 0.000000,       0.000000,      0.000000,      0.005000,     0.070534
   147,       0.175000,      0.379967,    0.615000,   0.486595,    0.575000,   0.494343,  0.000000, 0.000000,       0.000000,      0.000000,      0.035000,     0.183780
   148,       0.180000,      0.384187,    0.615000,   0.486595,    0.575000,   0.494343,  0.000000, 0.000000,       0.000000,      0.000000,      0.035000,     0.183780
   149,       0.185000,      0.388298,    0.615000,   0.486595,    0.575000,   0.494343,  0.000000, 0.000000,       0.000000,      0.000000,      0.035000,     0.183780
   150,       0.180000,      0.384187,    0.615000,   0.486595,    0.575000,   0.494343,  0.000000, 0.000000,       0.000000,      0.000000,      0.020000,     0.140000
   151,       0.180000,      0.384187,    0.615000,   0.486595,    0.575000,   0.494343,  0.000000, 0.000000,       0.000000,      0.000000,      0.020000,     0.140000
   152,       0.185000,      0.388298,    0.615000,   0.486595,    0.575000,   0.494343,  0.000000, 0.000000,       0.000000,      0.000000,      0.020000,     0.140000
   153,       0.185000,      0.388298,    0.615000,   0.486595,    0.575000,   0.494343,  0.000000, 0.000000,       0.000000,      0.000000,      0.035000,     0.183780
   154,       0.180000,      0.384187,    0.615000,   0.486595,    0.575000,   0.494343,  0.000000, 0.000000,       0.000000,      0.000000,      0.035000,     0.183780
   155,       0.185000,      0.388298,    0.615000,   0.486595,    0.575000,   0.494343,  0.000000, 0.000000,       0.000000,      0.000000,      0.035000,     0.183780
   156,       0.190000,      0.392301,    0.615000,   0.486595,    0.575000,   0.494343,  0.000000, 0.000000,       0.000000,      0.000000,      0.030000,     0.170587
   157,       0.195000,      0.396201,    0.615000,   0.486595,    0.575000,   0.494343,  0.000000, 0.000000,       0.000000,      0.000000,      0.030000,     0.170587
   158,       0.195000,      0.396201,    0.615000,   0.486595,    0.575000,   0.494343,  0.000000, 0.000000,       0.000000,      0.000000,      0.030000,     0.170587
   159,       0.185000,      0.388298,    0.615000,   0.486595,    0.575000,   0.494343,  0.000000, 0.000000,       0.000000,      0.000000,      0.045000,     0.207304
   160,       0.185000,      0.388298,    0.615000,   0.486595,    0.575000,   0.494343,  0.000000, 0.000000,       0.000000,      0.000000,      0.045000,     0.207304
   161,       0.205000,      0.403702,    0.615000,   0.486595,    0.575000,   0.494343,  0.000000, 0.000000,       0.000000,      0.000000,      0.045000,     0.207304
   162,       0.205000,      0.403702,    0.615000,   0.486595,    0.575000,   0.494343,  0.000000, 0.000000,       0.000000,      0.000000,      0.040000,     0.195959
   163,       0.200000,      0.400000,    0.615000,   0.486595,    0.575000,   0.494343,  0.000000, 0.000000,       0.000000,      0.000000,      0.040000,     0.195959
   164,       0.205000,      0.403702,    0.615000,   0.486595,    0.575000,   0.494343,  0.000000, 0.000000,       0.000000,      0.000000,      0.040000,     0.195959
   165,       0.205000,      0.403702,    0.615000,   0.486595,    0.575000,   0.494343,  0.000000, 0.000000,       0.000000,      0.000000,      0.055000,     0.227980
   166,       0.205000,      0.403702,    0.615000,   0.486595,    0.575000,   0.494343,  0.000000, 0.000000,       0.000000,      0.000000,      0.055000,     0.227980
   167,       0.205000,      0.403702,    0.615000,   0.486595,    0.575000,   0.494343,  0.000000, 0.000000,       0.000000,      0.000000,      0.055000,     0.227980
   168,       0.205000,      0.403702,    0.615000,   0.486595,    0.575000,   0.494343,  0.000000, 0.000000,       0.000000,      0.000000,      0.050000,     0.217945
   169,       0.205000,      0.403702,    0.615000,   0.486595,    0.575000,   0.494343,  0.000000, 0.000000,       0.000000,      0.000000,      0.050000,     0.217945
   170,       0.205000,      0.403702,    0.615000,   0.486595,    0.575000,   0.494343,  0.000000, 0.000000,       0.000000,      0.000000,      0.050000,     0.217945
   171,       0.200000,      0.400000,    0.615000,   0.486595,    0.575000,   0.494343,  0.000000, 0.000000,       0.000000,      0.000000,      0.025000,     0.156125
   172,       0.200000,      0.400000,    0.615000,   0.486595,    0.575000,   0.494343,  0.000000, 0.000000,       0.000000,      0.000000,      0.025000,     0.156125
   173,       0.200000,      0.400000,    0.615000,   0.486595,    0.575000,   0.494343,  0.000000, 0.000000,       0.000000,      0.000000,      0.025000,     0.156125
   174,       0.205000,      0.403702,    0.615000,   0.486595,    0.575000,   0.494343,  0.000000, 0.000000,       0.000000,      0.000000,      0.045000,     0.207304
   175,       0.205000,      0.403702,    0.615000,   0.486595,    0.575000,   0.494343,  0.000000, 0.000000,       0.000000,      0.000000,      0.045000,     0.207304
   176,       0.210000,      0.407308,    0.615000,   0.486595,    0.575000,   0.494343,  0.000000, 0.000000,       0.000000,      0.000000,      0.045000,     0.207304
   177,       0.205000,      0.403702,    0.615000,   0.486595,    0.575000,   0.494343,  0.000000, 0.000000,       0.000000,      0.000000,      0.035000,     0.183780
   178,       0.205000,      0.403702,    0.615000,   0.486595,    0.575000,   0.494343,  0.000000, 0.000000,       0.000000,      0.000000,      0.035000,     0.183780
   179,       0.205000,      0.403702,    0.615000,   0.486595,    0.575000,   0.494343,  0.000000, 0.000000,       0.000000,      0.000000,      0.035000,     0.183780
   180,       0.205000,      0.403702,    0.615000,   0.486595,    0.575000,   0.494343,  0.000000, 0.000000,       0.000000,      0.000000,      0.040000,     0.195959
   181,       0.205000,      0.403702,    0.615000,   0.486595,    0.575000,   0.494343,  0.000000, 0.000000,       0.000000,      0.000000,      0.040000,     0.195959
   182,       0.210000,      0.407308,    0.615000,   0.486595,    0.575000,   0.494343,  0.000000, 0.000000,       0.000000,      0.000000,      0.040000,     0.195959
   183,       0.210000,      0.407308,    0.615000,   0.486595,    0.575000,   0.494343,  0.000000, 0.000000,       0.000000,      0.000000,      0.060000,     0.237487
   184,       0.210000,      0.407308,    0.615000,   0.486595,    0.575000,   0.494343,  0.000000, 0.000000,       0.000000,      0.000000,      0.060000,     0.237487
   185,       0.215000,      0.410822,    0.615000,   0.486595,    0.575000,   0.494343,  0.000000, 0.000000,       0.000000,      0.000000,      0.060000,     0.237487
   186,       0.210000,      0.407308,    0.615000,   0.486595,    0.575000,   0.494343,  0.000000, 0.000000,       0.000000,      0.000000,      0.050000,     0.217945
   187,       0.210000,      0.407308,    0.615000,   0.486595,    0.575000,   0.494343,  0.000000, 0.000000,       0.000000,      0.000000,      0.050000,     0.217945
   188,       0.210000,      0.407308,    0.615000,   0.486595,    0.575000,   0.494343,  0.000000, 0.000000,       0.000000,      0.000000,      0.050000,     0.217945
   189,       0.215000,      0.410822,    0.615000,   0.486595,    0.575000,   0.494343,  0.000000, 0.000000,       0.000000,      0.000000,      0.025000,     0.156125
   190,       0.215000,      0.410822,    0.615000,   0.486595,    0.575000,   0.494343,  0.000000, 0.000000,       0.005000,      0.070534,      0.025000,     0.156125
   191,       0.215000,      0.410822,    0.615000,   0.486595,    0.575000,   0.494343,  0.000000, 0.000000,       0.005000,      0.070534,      0.025000,     0.156125
   192,       0.220000,      0.414246,    0.615000,   0.486595,    0.575000,   0.494343,  0.000000, 0.000000,       0.005000,      0.070534,      0.010000,     0.099499
   193,       0.220000,      0.414246,    0.615000,   0.486595,    0.575000,   0.494343,  0.000000, 0.000000,       0.005000,      0.070534,      0.010000,     0.099499
   194,       0.220000,      0.414246,    0.615000,   0.486595,    0.575000,   0.494343,  0.000000, 0.000000,       0.005000,      0.070534,      0.010000,     0.099499
   195,       0.220000,      0.414246,    0.615000,   0.486595,    0.575000,   0.494343,  0.000000, 0.000000,       0.020000,      0.140000,      0.020000,     0.140000
   196,       0.220000,      0.414246,    0.615000,   0.486595,    0.575000,   0.494343,  0.000000, 0.000000,       0.020000,      0.140000,      0.020000,     0.140000
   197,       0.225000,      0.417582,    0.615000,   0.486595,    0.575000,   0.494343,  0.000000, 0.000000,       0.020000,      0.140000,      0.020000,     0.140000
   198,       0.225000,      0.417582,    0.615000,   0.486595,    0.575000,   0.494343,  0.000000, 0.000000,       0.020000,      0.140000,      0.050000,     0.217945
   199,       0.225000,      0.417582,    0.615000,   0.486595,    0.575000,   0.494343,  0.000000, 0.000000,       0.020000,      0.140000,      0.050000,     0.217945
   200,       0.225000,      0.417582,    0.615000,   0.486595,    0.575000,   0.494343,  0.000000, 0.000000,       0.025000,      0.156125,      0.050000,     0.217945
   201,       0.230000,      0.420833,    0.615000,   0.486595,    0.575000,   0.494343,  0.000000, 0.000000,       0.025000,      0.156125,      0.045000,     0.207304
   202,       0.230000,      0.420833,    0.615000,   0.486595,    0.575000,   0.494343,  0.000000, 0.000000,       0.025000,      0.156125,      0.045000,     0.207304
   203,       0.235000,      0.423999,    0.615000,   0.486595,    0.575000,   0.494343,  0.000000, 0.000000,       0.025000,      0.156125,      0.045000,     0.207304
   204,       0.230000,      0.420833,    0.615000,   0.486595,    0.575000,   0.494343,  0.000000, 0.000000,       0.030000,      0.170587,      0.055000,     0.227980
   205,       0.245000,      0.430087,    0.615000,   0.486595,    0.575000,   0.494343,  0.000000, 0.000000,       0.030000,      0.170587,      0.055000,     0.227980
   206,       0.235000,      0.423999,    0.615000,   0.486595,    0.575000,   0.494343,  0.000000, 0.000000,       0.030000,      0.170587,      0.055000,     0.227980
   207,       0.230000,      0.420833,    0.615000,   0.486595,    0.575000,   0.494343,  0.000000, 0.000000,       0.035000,      0.183780,      0.020000,     0.140000
   208,       0.230000,      0.420833,    0.615000,   0.486595,    0.575000,   0.494343,  0.000000, 0.000000,       0.035000,      0.183780,      0.020000,     0.140000
   209,       0.225000,      0.417582,    0.615000,   0.486595,    0.575000,   0.494343,  0.000000, 0.000000,       0.040000,      0.195959,      0.020000,     0.140000
   210,       0.225000,      0.417582,    0.615000,   0.486595,    0.575000,   0.494343,  0.000000, 0.000000,       0.040000,      0.195959,      0.040000,     0.195959
   211,       0.240000,      0.427083,    0.615000,   0.486595,    0.575000,   0.494343,  0.000000, 0.000000,       0.050000,      0.217945,      0.040000,     0.195959
   212,       0.230000,      0.420833,    0.615000,   0.486595,    0.575000,   0.494343,  0.000000, 0.000000,       0.055000,      0.227980,      0.040000,     0.195959
   213,       0.200000,      0.400000,    0.615000,   0.486595,    0.575000,   0.494343,  0.000000, 0.000000,       0.055000,      0.227980,      0.030000,     0.170587
   214,       0.225000,      0.417582,    0.615000,   0.486595,    0.575000,   0.494343,  0.000000, 0.000000,       0.055000,      0.227980,      0.030000,     0.170587
   215,       0.225000,      0.417582,    0.615000,   0.486595,    0.575000,   0.494343,  0.000000, 0.000000,       0.055000,      0.227980,      0.030000,     0.170587
   216,       0.215000,      0.410822,    0.615000,   0.486595,    0.575000,   0.494343,  0.000000, 0.000000,       0.055000,      0.227980,      0.025000,     0.156125
   217,       0.225000,      0.417582,    0.615000,   0.486595,    0.575000,   0.494343,  0.000000, 0.000000,       0.060000,      0.237487,      0.025000,     0.156125
   218,       0.230000,      0.420833,    0.615000,   0.486595,    0.575000,   0.494343,  0.000000, 0.000000,       0.060000,      0.237487,      0.025000,     0.156125
   219,       0.230000,      0.420833,    0.615000,   0.486595,    0.575000,   0.494343,  0.000000, 0.000000,       0.060000,      0.237487,      0.050000,     0.217945
   220,       0.230000,      0.420833,    0.615000,   0.486595,    0.575000,   0.494343,  0.000000, 0.000000,       0.075000,      0.263391,      0.050000,     0.217945
   221,       0.235000,      0.423999,    0.615000,   0.486595,    0.575000,   0.494343,  0.000000, 0.000000,       0.075000,      0.263391,      0.050000,     0.217945
   222,       0.215000,      0.410822,    0.615000,   0.486595,    0.575000,   0.494343,  0.000000, 0.000000,       0.085000,      0.278882,      0.035000,     0.183780
   223,       0.220000,      0.414246,    0.615000,   0.486595,    0.575000,   0.494343,  0.000000, 0.000000,       0.085000,      0.278882,      0.035000,     0.183780
   224,       0.225000,      0.417582,    0.615000,   0.486595,    0.575000,   0.494343,  0.000000, 0.000000,       0.090000,      0.286182,      0.035000,     0.183780
   225,       0.235000,      0.423999,    0.615000,   0.486595,    0.575000,   0.494343,  0.000000, 0.000000,       0.090000,      0.286182,      0.055000,     0.227980
   226,       0.245000,      0.430087,    0.615000,   0.486595,    0.575000,   0.494343,  0.000000, 0.000000,       0.090000,      0.286182,      0.055000,     0.227980
   227,       0.260000,      0.438634,    0.615000,   0.486595,    0.575000,   0.494343,  0.000000, 0.000000,       0.090000,      0.286182,      0.055000,     0.227980
   228,       0.250000,      0.433013,    0.615000,   0.486595,    0.575000,   0.494343,  0.000000, 0.000000,       0.095000,      0.293215,      0.065000,     0.246526
   229,       0.270000,      0.443959,    0.615000,   0.486595,    0.575000,   0.494343,  0.000000, 0.000000,       0.095000,      0.293215,      0.065000,     0.246526
   230,       0.265000,      0.441333,    0.615000,   0.486595,    0.575000,   0.494343,  0.000000, 0.000000,       0.100000,      0.300000,      0.065000,     0.246526
   231,       0.265000,      0.441333,    0.615000,   0.486595,    0.575000,   0.494343,  0.000000, 0.000000,       0.100000,      0.300000,      0.080000,     0.271293
   232,       0.265000,      0.441333,    0.615000,   0.486595,    0.575000,   0.494343,  0.000000, 0.000000,       0.100000,      0.300000,      0.080000,     0.271293
   233,       0.270000,      0.443959,    0.615000,   0.486595,    0.575000,   0.494343,  0.000000, 0.000000,       0.100000,      0.300000,      0.080000,     0.271293
   234,       0.265000,      0.441333,    0.615000,   0.486595,    0.575000,   0.494343,  0.000000, 0.000000,       0.100000,      0.300000,      0.105000,     0.306553
   235,       0.270000,      0.443959,    0.615000,   0.486595,    0.575000,   0.494343,  0.000000, 0.000000,       0.105000,      0.306553,      0.105000,     0.306553
   236,       0.280000,      0.448999,    0.615000,   0.486595,    0.575000,   0.494343,  0.000000, 0.000000,       0.105000,      0.306553,      0.105000,     0.306553
   237,       0.265000,      0.441333,    0.615000,   0.486595,    0.575000,   0.494343,  0.000000, 0.000000,       0.105000,      0.306553,      0.065000,     0.246526
   238,       0.270000,      0.443959,    0.615000,   0.486595,    0.575000,   0.494343,  0.000000, 0.000000,       0.105000,      0.306553,      0.065000,     0.246526
   239,       0.270000,      0.443959,    0.615000,   0.486595,    0.575000,   0.494343,  0.000000, 0.000000,       0.110000,      0.312890,      0.065000,     0.246526
   240,       0.275000,      0.446514,    0.615000,   0.486595,    0.575000,   0.494343,  0.000000, 0.000000,       0.110000,      0.312890,      0.075000,     0.263391
   241,       0.290000,      0.453762,    0.615000,   0.486595,    0.575000,   0.494343,  0.000000, 0.000000,       0.110000,      0.312890,      0.075000,     0.263391
   242,       0.300000,      0.458258,    0.615000,   0.486595,    0.575000,   0.494343,  0.000000, 0.000000,       0.110000,      0.312890,      0.075000,     0.263391
   243,       0.305000,      0.460407,    0.615000,   0.486595,    0.575000,   0.494343,  0.000000, 0.000000,       0.110000,      0.312890,      0.105000,     0.306553
   244,       0.305000,      0.460407,    0.615000,   0.486595,    0.575000,   0.494343,  0.000000, 0.000000,       0.110000,      0.312890,      0.105000,     0.306553
   245,       0.315000,      0.464516,    0.615000,   0.486595,    0.575000,   0.494343,  0.000000, 0.000000,       0.110000,      0.312890,      0.105000,     0.306553
   246,       0.300000,      0.458258,    0.615000,   0.486595,    0.575000,   0.494343,  0.000000, 0.000000,       0.110000,      0.312890,      0.035000,     0.183780
   247,       0.310000,      0.462493,    0.615000,   0.486595,    0.575000,   0.494343,  0.000000, 0.000000,       0.115000,      0.319022,      0.035000,     0.183780
   248,       0.315000,      0.464516,    0.615000,   0.486595,    0.575000,   0.494343,  0.000000, 0.000000,       0.115000,      0.319022,      0.035000,     0.183780
   249,       0.315000,      0.464516,    0.615000,   0.486595,    0.575000,   0.494343,  0.000000, 0.000000,       0.115000,      0.319022,      0.065000,     0.246526
   250,       0.325000,      0.468375,    0.615000,   0.486595,    0.575000,   0.494343,  0.000000, 0.000000,       0.115000,      0.319022,      0.065000,     0.246526
   251,       0.330000,      0.470213,    0.615000,   0.486595,    0.575000,   0.494343,  0.000000, 0.000000,       0.115000,      0.319022,      0.065000,     0.246526
   252,       0.325000,      0.468375,    0.615000,   0.486595,    0.575000,   0.494343,  0.000000, 0.000000,       0.115000,      0.319022,      0.100000,     0.300000
   253,       0.360000,      0.480000,    0.615000,   0.486595,    0.575000,   0.494343,  0.000000, 0.000000,       0.115000,      0.319022,      0.100000,     0.300000
   254,       0.360000,      0.480000,    0.615000,   0.486595,    0.575000,   0.494343,  0.000000, 0.000000,       0.115000,      0.319022,      0.100000,     0.300000
   255,       0.390000,      0.487750,    0.615000,   0.486595,    0.575000,   0.494343,  0.000000, 0.000000,       0.120000,      0.324962,      0.060000,     0.237487
   256,       0.420000,      0.493559,    0.615000,   0.486595,    0.575000,   0.494343,  0.000000, 0.000000,       0.120000,      0.324962,      0.060000,     0.237487
   257,       0.415000,      0.492722,    0.615000,   0.486595,    0.575000,   0.494343,  0.000000, 0.000000,       0.120000,      0.324962,      0.060000,     0.237487
   258,       0.405000,      0.490892,    0.615000,   0.486595,    0.575000,   0.494343,  0.000000, 0.000000,       0.120000,      0.324962,      0.055000,     0.227980
   259,       0.400000,      0.489898,    0.615000,   0.486595,    0.575000,   0.494343,  0.000000, 0.000000,       0.120000,      0.324962,      0.055000,     0.227980
   260,       0.400000,      0.489898,    0.615000,   0.486595,    0.575000,   0.494343,  0.000000, 0.000000,       0.120000,      0.324962,      0.055000,     0.227980
   261,       0.365000,      0.481430,    0.615000,   0.486595,    0.575000,   0.494343,  0.000000, 0.000000,       0.120000,      0.324962,      0.085000,     0.278882
   262,       0.375000,      0.484123,    0.615000,   0.486595,    0.575000,   0.494343,  0.000000, 0.000000,       0.120000,      0.324962,      0.085000,     0.278882
   263,       0.370000,      0.482804,    0.615000,   0.486595,    0.575000,   0.494343,  0.000000, 0.000000,       0.120000,      0.324962,      0.085000,     0.278882
   264,       0.390000,      0.487750,    0.615000,   0.486595,    0.575000,   0.494343,  0.000000, 0.000000,       0.120000,      0.324962,      0.145000,     0.352101
   265,       0.405000,      0.490892,    0.615000,   0.486595,    0.575000,   0.494343,  0.000000, 0.000000,       0.120000,      0.324962,      0.145000,     0.352101
   266,       0.430000,      0.495076,    0.615000,   0.486595,    0.575000,   0.494343,  0.000000, 0.000000,       0.120000,      0.324962,      0.145000,     0.352101
   267,       0.450000,      0.497494,    0.615000,   0.486595,    0.575000,   0.494343,  0.000000, 0.000000,       0.120000,      0.324962,      0.160000,     0.366606
   268,       0.460000,      0.498397,    0.615000,   0.486595,    0.575000,   0.494343,  0.000000, 0.000000,       0.120000,      0.324962,      0.160000,     0.366606
   269,       0.470000,      0.499099,    0.615000,   0.486595,    0.575000,   0.494343,  0.000000, 0.000000,       0.120000,      0.324962,      0.160000,     0.366606
   270,       0.480000,      0.499600,    0.615000,   0.486595,    0.575000,   0.494343,  0.000000, 0.000000,       0.120000,      0.324962,      0.180000,     0.384187
   271,       0.480000,      0.499600,    0.615000,   0.486595,    0.575000,   0.494343,  0.000000, 0.000000,       0.120000,      0.324962,      0.180000,     0.384187
   272,       0.495000,      0.499975,    0.615000,   0.486595,    0.575000,   0.494343,  0.000000, 0.000000,       0.120000,      0.324962,      0.180000,     0.384187
   273,       0.495000,      0.499975,    0.615000,   0.486595,    0.575000,   0.494343,  0.000000, 0.000000,       0.120000,      0.324962,      0.095000,     0.293215
   274,       0.490000,      0.499900,    0.615000,   0.486595,    0.575000,   0.494343,  0.000000, 0.000000,       0.120000,      0.324962,      0.095000,     0.293215
   275,       0.500000,      0.500000,    0.615000,   0.486595,    0.575000,   0.494343,  0.000000, 0.000000,       0.120000,      0.324962,      0.095000,     0.293215
   276,       0.480000,      0.499600,    0.615000,   0.486595,    0.575000,   0.494343,  0.000000, 0.000000,       0.120000,      0.324962,      0.155000,     0.361905
   277,       0.515000,      0.499775,    0.615000,   0.486595,    0.575000,   0.494343,  0.000000, 0.000000,       0.120000,      0.324962,      0.155000,     0.361905
   278,       0.530000,      0.499099,    0.615000,   0.486595,    0.575000,   0.494343,  0.000000, 0.000000,       0.120000,      0.324962,      0.155000,     0.361905
   279,       0.535000,      0.498773,    0.615000,   0.486595,    0.575000,   0.494343,  0.000000, 0.000000,       0.120000,      0.324962,      0.140000,     0.346987
   280,       0.530000,      0.499099,    0.615000,   0.486595,    0.575000,   0.494343,  0.000000, 0.000000,       0.120000,      0.324962,      0.140000,     0.346987
   281,       0.535000,      0.498773,    0.615000,   0.486595,    0.575000,   0.494343,  0.000000, 0.000000,       0.120000,      0.324962,      0.140000,     0.346987
   282,       0.520000,      0.499600,    0.615000,   0.486595,    0.575000,   0.494343,  0.000000, 0.000000,       0.120000,      0.324962,      0.290000,     0.453762
   283,       0.535000,      0.498773,    0.615000,   0.486595,    0.575000,   0.494343,  0.000000, 0.000000,       0.120000,      0.324962,      0.290000,     0.453762
   284,       0.570000,      0.495076,    0.615000,   0.486595,    0.575000,   0.494343,  0.000000, 0.000000,       0.120000,      0.324962,      0.290000,     0.453762
   285,       0.585000,      0.492722,    0.615000,   0.486595,    0.575000,   0.494343,  0.000000, 0.000000,       0.120000,      0.324962,      0.265000,     0.441333
   286,       0.610000,      0.487750,    0.615000,   0.486595,    0.575000,   0.494343,  0.000000, 0.000000,       0.120000,      0.324962,      0.265000,     0.441333
   287,       0.620000,      0.485386,    0.615000,   0.486595,    0.575000,   0.494343,  0.000000, 0.000000,       0.120000,      0.324962,      0.265000,     0.441333
   288,       0.635000,      0.481430,    0.615000,   0.486595,    0.575000,   0.494343,  0.000000, 0.000000,       0.120000,      0.324962,      0.280000,     0.448999
   289,       0.665000,      0.471990,    0.615000,   0.486595,    0.575000,   0.494343,  0.000000, 0.000000,       0.120000,      0.324962,      0.280000,     0.448999
   290,       0.670000,      0.470213,    0.615000,   0.486595,    0.575000,   0.494343,  0.000000, 0.000000,       0.120000,      0.324962,      0.280000,     0.448999
   291,       0.685000,      0.464516,    0.615000,   0.486595,    0.575000,   0.494343,  0.000000, 0.000000,       0.120000,      0.324962,      0.515000,     0.499775
   292,       0.760000,      0.427083,    0.615000,   0.486595,    0.575000,   0.494343,  0.000000, 0.000000,       0.120000,      0.324962,      0.515000,     0.499775
   293,       0.775000,      0.417582,    0.615000,   0.486595,    0.575000,   0.494343,  0.000000, 0.000000,       0.120000,      0.324962,      0.515000,     0.499775
   294,       0.780000,      0.414246,    0.615000,   0.486595,    0.575000,   0.494343,  0.000000, 0.000000,       0.120000,      0.324962,      0.335000,     0.471990
   295,       0.825000,      0.379967,    0.615000,   0.486595,    0.575000,   0.494343,  0.000000, 0.000000,       0.120000,      0.324962,      0.335000,     0.471990
   296,       0.830000,      0.375633,    0.615000,   0.486595,    0.575000,   0.494343,  0.000000, 0.000000,       0.120000,      0.324962,      0.335000,     0.471990
   297,       0.855000,      0.352101,    0.615000,   0.486595,    0.575000,   0.494343,  0.000000, 0.000000,       0.120000,      0.324962,      0.805000,     0.396201
   298,       0.865000,      0.341724,    0.615000,   0.486595,    0.575000,   0.494343,  0.000000, 0.000000,       0.120000,      0.324962,      0.805000,     0.396201
   299,       0.875000,      0.330719,    0.615000,   0.486595,    0.575000,   0.494343,  0.000000, 0.000000,       0.120000,      0.324962,      0.805000,     0.396201
   300,       0.870000,      0.336303,    0.615000,   0.486595,    0.575000,   0.494343,  0.000000, 0.000000,       0.120000,      0.324962,      0.805000,     0.396201
   301,       0.875000,      0.330719,    0.615000,   0.486595,    0.575000,   0.494343,  0.000000, 0.000000,       0.120000,      0.324962,      0.810000,     0.392301
   302,       0.860000,      0.346987,    0.615000,   0.486595,    0.575000,   0.494343,  0.000000, 0.000000,       0.120000,      0.324962,      0.810000,     0.392301
   303,       0.870000,      0.336303,    0.615000,   0.486595,    0.575000,   0.494343,  0.000000, 0.000000,       0.120000,      0.324962,      0.810000,     0.392301
   304,       0.870000,      0.336303,    0.615000,   0.486595,    0.575000,   0.494343,  0.000000, 0.000000,       0.120000,      0.324962,      0.810000,     0.392301
   305,       0.875000,      0.330719,    0.615000,   0.486595,    0.575000,   0.494343,  0.000000, 0.000000,       0.120000,      0.324962,      0.810000,     0.392301
   306,       0.895000,      0.306553,    0.615000,   0.486595,    0.575000,   0.494343,  0.000000, 0.000000,       0.120000,      0.324962,      0.810000,     0.392301
   307,       0.880000,      0.324962,    0.615000,   0.486595,    0.575000,   0.494343,  0.000000, 0.000000,       0.120000,      0.324962,      0.810000,     0.392301
   308,       0.895000,      0.306553,    0.615000,   0.486595,    0.575000,   0.494343,  0.000000, 0.000000,       0.120000,      0.324962,      0.810000,     0.392301
   309,       0.895000,      0.306553,    0.615000,   0.486595,    0.575000,   0.494343,  0.000000, 0.000000,       0.120000,      0.324962,      0.810000,     0.392301
   310,       0.900000,      0.300000,    0.615000,   0.486595,    0.575000,   0.494343,  0.000000, 0.000000,       0.120000,      0.324962,      0.810000,     0.392301
   311,       0.890000,      0.312890,    0.615000,   0.486595,    0.575000,   0.494343,  0.000000, 0.000000,       0.120000,      0.324962,      0.810000,     0.392301
   312,       0.895000,      0.306553,    0.615000,   0.486595,    0.575000,   0.494343,  0.000000, 0.000000,       0.120000,      0.324962,      0.810000,     0.392301
   313,       0.885000,      0.319022,    0.615000,   0.486595,    0.575000,   0.494343,  0.000000, 0.000000,       0.120000,      0.324962,      0.810000,     0.392301
   314,       0.880000,      0.324962,    0.615000,   0.486595,    0.575000,   0.494343,  0.000000, 0.000000,       0.120000,      0.324962,      0.810000,     0.392301
   315,       0.885000,      0.319022,    0.615000,   0.486595,    0.575000,   0.494343,  0.000000, 0.000000,       0.120000,      0.324962,      0.810000,     0.392301
   316,       0.875000,      0.330719,    0.615000,   0.486595,    0.575000,   0.494343,  0.000000, 0.000000,       0.120000,      0.324962,      0.810000,     0.392301
   317,       0.890000,      0.312890,    0.615000,   0.486595,    0.575000,   0.494343,  0.000000, 0.000000,       0.120000,      0.324962,      0.810000,     0.392301
   318,       0.900000,      0.300000,    0.615000,   0.486595,    0.575000,   0.494343,  0.000000, 0.000000,       0.120000,      0.324962,      0.810000,     0.392301
   319,       0.900000,      0.300000,    0.615000,   0.486595,    0.575000,   0.494343,  0.000000, 0.000000,       0.120000,      0.324962,      0.810000,     0.392301
   320,       0.900000,      0.300000,    0.615000,   0.486595,    0.575000,   0.494343,  0.000000, 0.000000,       0.120000,      0.324962,      0.810000,     0.392301
   321,       0.900000,      0.300000,    0.615000,   0.486595,    0.575000,   0.494343,  0.000000, 0.000000,       0.120000,      0.324962,      0.810000,     0.392301
   322,       0.885000,      0.319022,    0.615000,   0.486595,    0.575000,   0.494343,  0.000000, 0.000000,       0.120000,      0.324962,      0.810000,     0.392301
   323,       0.900000,      0.300000,    0.615000,   0.486595,    0.575000,   0.494343,  0.000000, 0.000000,       0.120000,      0.324962,      0.810000,     0.392301
   324,       0.890000,      0.312890,    0.615000,   0.486595,    0.575000,   0.494343,  0.000000, 0.000000,       0.120000,      0.324962,      0.810000,     0.392301
   325,       0.905000,      0.293215,    0.615000,   0.486595,    0.575000,   0.494343,  0.000000, 0.000000,       0.120000,      0.324962,      0.810000,     0.392301
   326,       0.905000,      0.293215,    0.615000,   0.486595,    0.575000,   0.494343,  0.000000, 0.000000,       0.120000,      0.324962,      0.810000,     0.392301
   327,       0.900000,      0.300000,    0.615000,   0.486595,    0.575000,   0.494343,  0.000000, 0.000000,       0.120000,      0.324962,      0.810000,     0.392301
   328,       0.915000,      0.278882,    0.615000,   0.486595,    0.575000,   0.494343,  0.000000, 0.000000,       0.120000,      0.324962,      0.810000,     0.392301
   329,       0.905000,      0.293215,    0.615000,   0.486595,    0.575000,   0.494343,  0.000000, 0.000000,       0.120000,      0.324962,      0.810000,     0.392301
   330,       0.905000,      0.293215,    0.615000,   0.486595,    0.575000,   0.494343,  0.000000, 0.000000,       0.120000,      0.324962,      0.810000,     0.392301
   331,       0.905000,      0.293215,    0.615000,   0.486595,    0.575000,   0.494343,  0.000000, 0.000000,       0.120000,      0.324962,      0.810000,     0.392301
   332,       0.905000,      0.293215,    0.615000,   0.486595,    0.575000,   0.494343,  0.000000, 0.000000,       0.120000,      0.324962,      0.810000,     0.392301
   333,       0.925000,      0.263391,    0.615000,   0.486595,    0.575000,   0.494343,  0.000000, 0.000000,       0.120000,      0.324962,      0.810000,     0.392301
   334,       0.920000,      0.271293,    0.615000,   0.486595,    0.575000,   0.494343,  0.000000, 0.000000,       0.120000,      0.324962,      0.810000,     0.392301
   335,       0.915000,      0.278882,    0.615000,   0.486595,    0.575000,   0.494343,  0.000000, 0.000000,       0.120000,      0.324962,      0.810000,     0.392301
   336,       0.925000,      0.263391,    0.615000,   0.486595,    0.575000,   0.494343,  0.000000, 0.000000,       0.120000,      0.324962,      0.810000,     0.392301
   337,       0.910000,      0.286182,    0.615000,   0.486595,    0.575000,   0.494343,  0.000000, 0.000000,       0.120000,      0.324962,      0.810000,     0.392301
   338,       0.920000,      0.271293,    0.615000,   0.486595,    0.575000,   0.494343,  0.000000, 0.000000,       0.120000,      0.324962,      0.810000,     0.392301
   339,       0.915000,      0.278882,    0.615000,   0.486595,    0.575000,   0.494343,  0.000000, 0.000000,       0.120000,      0.324962,      0.810000,     0.392301
   340,       0.930000,      0.255147,    0.615000,   0.486595,    0.575000,   0.494343,  0.000000, 0.000000,       0.120000,      0.324962,      0.810000,     0.392301
   341,       0.930000,      0.255147,    0.615000,   0.486595,    0.575000,   0.494343,  0.000000, 0.000000,       0.120000,      0.324962,      0.810000,     0.392301
   342,       0.925000,      0.263391,    0.615000,   0.486595,    0.575000,   0.494343,  0.000000, 0.000000,       0.120000,      0.324962,      0.810000,     0.392301
   343,       0.925000,      0.263391,    0.615000,   0.486595,    0.575000,   0.494343,  0.000000, 0.000000,       0.120000,      0.324962,      0.810000,     0.392301
   344,       0.920000,      0.271293,    0.615000,   0.486595,    0.575000,   0.494343,  0.000000, 0.000000,       0.120000,      0.324962,      0.810000,     0.392301
   345,       0.920000,      0.271293,    0.615000,   0.486595,    0.575000,   0.494343,  0.000000, 0.000000,       0.120000,      0.324962,      0.810000,     0.392301
   346,       0.920000,      0.271293,    0.615000,   0.486595,    0.575000,   0.494343,  0.000000, 0.000000,       0.120000,      0.324962,      0.810000,     0.392301
   347,       0.925000,      0.263391,    0.615000,   0.486595,    0.575000,   0.494343,  0.000000, 0.000000,       0.120000,      0.324962,      0.810000,     0.392301
   348,       0.920000,      0.271293,    0.615000,   0.486595,    0.575000,   0.494343,  0.000000, 0.000000,       0.120000,      0.324962,      0.810000,     0.392301
   349,       0.920000,      0.271293,    0.615000,   0.486595,    0.575000,   0.494343,  0.000000, 0.000000,       0.120000,      0.324962,      0.810000,     0.392301
   350,       0.915000,      0.278882,    0.615000,   0.486595,    0.575000,   0.494343,  0.000000, 0.000000,       0.120000,      0.324962,      0.810000,     0.392301
   351,       0.920000,      0.271293,    0.615000,   0.486595,    0.575000,   0.494343,  0.000000, 0.000000,       0.120000,      0.324962,      0.810000,     0.392301
   352,       0.910000,      0.286182,    0.615000,   0.486595,    0.575000,   0.494343,  0.000000, 0.000000,       0.120000,      0.324962,      0.810000,     0.392301
   353,       0.910000,      0.286182,    0.615000,   0.486595,    0.575000,   0.494343,  0.000000, 0.000000,       0.120000,      0.324962,      0.810000,     0.392301
   354,       0.915000,      0.278882,    0.615000,   0.486595,    0.575000,   0.494343,  0.000000, 0.000000,       0.120000,      0.324962,      0.810000,     0.392301
   355,       0.915000,      0.278882,    0.615000,   0.486595,    0.575000,   0.494343,  0.000000, 0.000000,       0.120000,      0.324962,      0.810000,     0.392301
   356,       0.910000,      0.286182,    0.615000,   0.486595,    0.575000,   0.494343,  0.000000, 0.000000,       0.120000,      0.324962,      0.810000,     0.392301
   357,       0.910000,      0.286182,    0.615000,   0.486595,    0.575000,   0.494343,  0.000000, 0.000000,       0.120000,      0.324962,      0.810000,     0.392301
   358,       0.915000,      0.278882,    0.615000,   0.486595,    0.575000,   0.494343,  0.000000, 0.000000,       0.120000,      0.324962,      0.810000,     0.392301
   359,       0.920000,      0.271293,    0.615000,   0.486595,    0.575000,   0.494343,  0.000000, 0.000000,       0.120000,      0.324962,      0.810000,     0.392301
   360,       0.925000,      0.263391,    0.615000,   0.486595,    0.575000,   0.494343,  0.000000, 0.000000,       0.120000,      0.324962,      0.810000,     0.392301
   361,       0.925000,      0.263391,    0.615000,   0.486595,    0.575000,   0.494343,  0.000000, 0.000000,       0.120000,      0.324962,      0.810000,     0.392301
   362,       0.925000,      0.263391,    0.615000,   0.486595,    0.575000,   0.494343,  0.000000, 0.000000,       0.120000,      0.324962,      0.810000,     0.392301
   363,       0.920000,      0.271293,    0.615000,   0.486595,    0.575000,   0.494343,  0.000000, 0.000000,       0.120000,      0.324962,      0.810000,     0.392301
   364,       0.920000,      0.271293,    0.615000,   0.486595,    0.575000,   0.494343,  0.000000, 0.000000,       0.120000,      0.324962,      0.810000,     0.392301
   365,       0.930000,      0.255147,    0.615000,   0.486595,    0.575000,   0.494343,  0.000000, 0.000000,       0.120000,      0.324962,      0.810000,     0.392301
   366,       0.925000,      0.263391,    0.615000,   0.486595,    0.575000,   0.494343,  0.000000, 0.000000,       0.120000,      0.324962,      0.810000,     0.392301
   367,       0.920000,      0.271293,    0.615000,   0.486595,    0.575000,   0.494343,  0.000000, 0.000000,       0.120000,      0.324962,      0.810000,     0.392301
   368,       0.930000,      0.255147,    0.615000,   0.486595,    0.575000,   0.494343,  0.000000, 0.000000,       0.120000,      0.324962,      0.810000,     0.392301
   369,       0.925000,      0.263391,    0.615000,   0.486595,    0.575000,   0.494343,  0.000000, 0.000000,       0.120000,      0.324962,      0.810000,     0.392301
   370,       0.940000,      0.237487,    0.615000,   0.486595,    0.575000,   0.494343,  0.000000, 0.000000,       0.120000,      0.324962,      0.810000,     0.392301
   371,       0.945000,      0.227980,    0.615000,   0.486595,    0.575000,   0.494343,  0.000000, 0.000000,       0.120000,      0.324962,      0.810000,     0.392301
   372,       0.945000,      0.227980,    0.615000,   0.486595,    0.575000,   0.494343,  0.000000, 0.000000,       0.120000,      0.324962,      0.810000,     0.392301
   373,       0.945000,      0.227980,    0.615000,   0.486595,    0.575000,   0.494343,  0.000000, 0.000000,       0.120000,      0.324962,      0.810000,     0.392301
   374,       0.940000,      0.237487,    0.615000,   0.486595,    0.575000,   0.494343,  0.000000, 0.000000,       0.120000,      0.324962,      0.810000,     0.392301
   375,       0.945000,      0.227980,    0.615000,   0.486595,    0.575000,   0.494343,  0.000000, 0.000000,       0.120000,      0.324962,      0.810000,     0.392301
   376,       0.945000,      0.227980,    0.615000,   0.486595,    0.575000,   0.494343,  0.000000, 0.000000,       0.120000,      0.324962,      0.810000,     0.392301
   377,       0.945000,      0.227980,    0.615000,   0.486595,    0.575000,   0.494343,  0.000000, 0.000000,       0.120000,      0.324962,      0.810000,     0.392301
   378,       0.945000,      0.227980,    0.615000,   0.486595,    0.575000,   0.494343,  0.000000, 0.000000,       0.120000,      0.324962,      0.810000,     0.392301
   379,       0.940000,      0.237487,    0.615000,   0.486595,    0.575000,   0.494343,  0.000000, 0.000000,       0.120000,      0.324962,      0.810000,     0.392301
   380,       0.940000,      0.237487,    0.615000,   0.486595,    0.575000,   0.494343,  0.000000, 0.000000,       0.120000,      0.324962,      0.810000,     0.392301
   381,       0.940000,      0.237487,    0.615000,   0.486595,    0.575000,   0.494343,  0.000000, 0.000000,       0.120000,      0.324962,      0.810000,     0.392301
   382,       0.945000,      0.227980,    0.615000,   0.486595,    0.575000,   0.494343,  0.000000, 0.000000,       0.120000,      0.324962,      0.810000,     0.392301
   383,       0.940000,      0.237487,    0.615000,   0.486595,    0.575000,   0.494343,  0.000000, 0.000000,       0.120000,      0.324962,      0.810000,     0.392301
   384,       0.935000,      0.246526,    0.615000,   0.486595,    0.575000,   0.494343,  0.000000, 0.000000,       0.120000,      0.324962,      0.810000,     0.392301
   385,       0.940000,      0.237487,    0.615000,   0.486595,    0.575000,   0.494343,  0.000000, 0.000000,       0.120000,      0.324962,      0.810000,     0.392301
   386,       0.940000,      0.237487,    0.615000,   0.486595,    0.575000,   0.494343,  0.000000, 0.000000,       0.120000,      0.324962,      0.810000,     0.392301
   387,       0.940000,      0.237487,    0.615000,   0.486595,    0.575000,   0.494343,  0.000000, 0.000000,       0.120000,      0.324962,      0.810000,     0.392301
   388,       0.935000,      0.246526,    0.615000,   0.486595,    0.575000,   0.494343,  0.000000, 0.000000,       0.120000,      0.324962,      0.810000,     0.392301
   389,       0.935000,      0.246526,    0.615000,   0.486595,    0.575000,   0.494343,  0.000000, 0.000000,       0.120000,      0.324962,      0.810000,     0.392301
   390,       0.935000,      0.246526,    0.615000,   0.486595,    0.575000,   0.494343,  0.000000, 0.000000,       0.120000,      0.324962,      0.810000,     0.392301
   391,       0.940000,      0.237487,    0.615000,   0.486595,    0.575000,   0.494343,  0.000000, 0.000000,       0.120000,      0.324962,      0.810000,     0.392301
   392,       0.945000,      0.227980,    0.615000,   0.486595,    0.575000,   0.494343,  0.000000, 0.000000,       0.120000,      0.324962,      0.810000,     0.392301
   393,       0.940000,      0.237487,    0.615000,   0.486595,    0.575000,   0.494343,  0.000000, 0.000000,       0.120000,      0.324962,      0.810000,     0.392301
   394,       0.945000,      0.227980,    0.615000,   0.486595,    0.575000,   0.494343,  0.000000, 0.000000,       0.120000,      0.324962,      0.810000,     0.392301
   395,       0.940000,      0.237487,    0.615000,   0.486595,    0.575000,   0.494343,  0.000000, 0.000000,       0.120000,      0.324962,      0.810000,     0.392301
   396,       0.945000,      0.227980,    0.615000,   0.486595,    0.575000,   0.494343,  0.000000, 0.000000,       0.115000,      0.319022,      0.810000,     0.392301
   397,       0.945000,      0.227980,    0.615000,   0.486595,    0.575000,   0.494343,  0.000000, 0.000000,       0.115000,      0.319022,      0.810000,     0.392301
   398,       0.935000,      0.246526,    0.615000,   0.486595,    0.575000,   0.494343,  0.000000, 0.000000,       0.115000,      0.319022,      0.810000,     0.392301
   399,       0.945000,      0.227980,    0.615000,   0.486595,    0.575000,   0.494343,  0.000000, 0.000000,       0.115000,      0.319022,      0.810000,     0.392301
   400,       0.945000,      0.227980,    0.615000,   0.486595,    0.575000,   0.494343,  0.000000, 0.000000,       0.115000,      0.319022,      0.810000,     0.392301
   401,       0.945000,      0.227980,    0.615000,   0.486595,    0.575000,   0.494343,  0.000000, 0.000000,       0.115000,      0.319022,      0.810000,     0.392301
   402,       0.940000,      0.237487,    0.615000,   0.486595,    0.575000,   0.494343,  0.000000, 0.000000,       0.115000,      0.319022,      0.810000,     0.392301
   403,       0.945000,      0.227980,    0.615000,   0.486595,    0.575000,   0.494343,  0.000000, 0.000000,       0.115000,      0.319022,      0.810000,     0.392301
   404,       0.940000,      0.237487,    0.615000,   0.486595,    0.575000,   0.494343,  0.000000, 0.000000,       0.115000,      0.319022,      0.810000,     0.392301
   405,       0.930000,      0.255147,    0.615000,   0.486595,    0.575000,   0.494343,  0.000000, 0.000000,       0.115000,      0.319022,      0.810000,     0.392301
   406,       0.930000,      0.255147,    0.615000,   0.486595,    0.575000,   0.494343,  0.000000, 0.000000,       0.115000,      0.319022,      0.810000,     0.392301
   407,       0.930000,      0.255147,    0.615000,   0.486595,    0.575000,   0.494343,  0.000000, 0.000000,       0.115000,      0.319022,      0.810000,     0.392301
   408,       0.930000,      0.255147,    0.615000,   0.486595,    0.575000,   0.494343,  0.000000, 0.000000,       0.115000,      0.319022,      0.810000,     0.392301
   409,       0.935000,      0.246526,    0.615000,   0.486595,    0.575000,   0.494343,  0.000000, 0.000000,       0.115000,      0.319022,      0.810000,     0.392301
   410,       0.935000,      0.246526,    0.615000,   0.486595,    0.575000,   0.494343,  0.000000, 0.000000,       0.110000,      0.312890,      0.810000,     0.392301
   411,       0.940000,      0.237487,    0.615000,   0.486595,    0.575000,   0.494343,  0.000000, 0.000000,       0.110000,      0.312890,      0.810000,     0.392301
   412,       0.935000,      0.246526,    0.615000,   0.486595,    0.575000,   0.494343,  0.000000, 0.000000,       0.110000,      0.312890,      0.810000,     0.392301
   413,       0.945000,      0.227980,    0.615000,   0.486595,    0.575000,   0.494343,  0.000000, 0.000000,       0.110000,      0.312890,      0.810000,     0.392301
   414,       0.945000,      0.227980,    0.615000,   0.486595,    0.575000,   0.494343,  0.000000, 0.000000,       0.105000,      0.306553,      0.810000,     0.392301
   415,       0.940000,      0.237487,    0.615000,   0.486595,    0.575000,   0.494343,  0.000000, 0.000000,       0.105000,      0.306553,      0.810000,     0.392301
   416,       0.940000,      0.237487,    0.615000,   0.486595,    0.575000,   0.494343,  0.000000, 0.000000,       0.105000,      0.306553,      0.810000,     0.392301
   417,       0.940000,      0.237487,    0.615000,   0.486595,    0.575000,   0.494343,  0.000000, 0.000000,       0.100000,      0.300000,      0.810000,     0.392301
   418,       0.940000,      0.237487,    0.615000,   0.486595,    0.575000,   0.494343,  0.000000, 0.000000,       0.100000,      0.300000,      0.810000,     0.392301
   419,       0.940000,      0.237487,    0.615000,   0.486595,    0.575000,   0.494343,  0.000000, 0.000000,       0.100000,      0.300000,      0.810000,     0.392301
   420,       0.940000,      0.237487,    0.615000,   0.486595,    0.575000,   0.494343,  0.000000, 0.000000,       0.100000,      0.300000,      0.810000,     0.392301
   421,       0.940000,      0.237487,    0.615000,   0.486595,    0.575000,   0.494343,  0.000000, 0.000000,       0.100000,      0.300000,      0.810000,     0.392301
   422,       0.940000,      0.237487,    0.615000,   0.486595,    0.575000,   0.494343,  0.000000, 0.000000,       0.100000,      0.300000,      0.810000,     0.392301
   423,       0.945000,      0.227980,    0.615000,   0.486595,    0.575000,   0.494343,  0.000000, 0.000000,       0.100000,      0.300000,      0.810000,     0.392301
   424,       0.945000,      0.227980,    0.615000,   0.486595,    0.575000,   0.494343,  0.000000, 0.000000,       0.100000,      0.300000,      0.810000,     0.392301
   425,       0.940000,      0.237487,    0.615000,   0.486595,    0.575000,   0.494343,  0.000000, 0.000000,       0.105000,      0.306553,      0.810000,     0.392301
   426,       0.935000,      0.246526,    0.615000,   0.486595,    0.575000,   0.494343,  0.000000, 0.000000,       0.110000,      0.312890,      0.810000,     0.392301
   427,       0.940000,      0.237487,    0.615000,   0.486595,    0.575000,   0.494343,  0.000000, 0.000000,       0.110000,      0.312890,      0.810000,     0.392301
   428,       0.945000,      0.227980,    0.615000,   0.486595,    0.575000,   0.494343,  0.000000, 0.000000,       0.110000,      0.312890,      0.810000,     0.392301
   429,       0.940000,      0.237487,    0.615000,   0.486595,    0.575000,   0.494343,  0.000000, 0.000000,       0.105000,      0.306553,      0.810000,     0.392301
   430,       0.940000,      0.237487,    0.615000,   0.486595,    0.575000,   0.494343,  0.000000, 0.000000,       0.100000,      0.300000,      0.810000,     0.392301
   431,       0.945000,      0.227980,    0.615000,   0.486595,    0.575000,   0.494343,  0.000000, 0.000000,       0.105000,      0.306553,      0.810000,     0.392301
   432,       0.945000,      0.227980,    0.615000,   0.486595,    0.575000,   0.494343,  0.000000, 0.000000,       0.105000,      0.306553,      0.810000,     0.392301
   433,       0.945000,      0.227980,    0.615000,   0.486595,    0.575000,   0.494343,  0.000000, 0.000000,       0.105000,      0.306553,      0.810000,     0.392301
   434,       0.940000,      0.237487,    0.615000,   0.486595,    0.575000,   0.494343,  0.000000, 0.000000,       0.100000,      0.300000,      0.810000,     0.392301
   435,       0.940000,      0.237487,    0.615000,   0.486595,    0.575000,   0.494343,  0.000000, 0.000000,       0.100000,      0.300000,      0.810000,     0.392301
   436,       0.940000,      0.237487,    0.615000,   0.486595,    0.575000,   0.494343,  0.000000, 0.000000,       0.100000,      0.300000,      0.810000,     0.392301
   437,       0.945000,      0.227980,    0.615000,   0.486595,    0.575000,   0.494343,  0.000000, 0.000000,       0.100000,      0.300000,      0.810000,     0.392301
   438,       0.940000,      0.237487,    0.615000,   0.486595,    0.575000,   0.494343,  0.000000, 0.000000,       0.095000,      0.293215,      0.810000,     0.392301
   439,       0.945000,      0.227980,    0.615000,   0.486595,    0.575000,   0.494343,  0.000000, 0.000000,       0.095000,      0.293215,      0.810000,     0.392301
   440,       0.945000,      0.227980,    0.615000,   0.486595,    0.575000,   0.494343,  0.000000, 0.000000,       0.100000,      0.300000,      0.810000,     0.392301
   441,       0.945000,      0.227980,    0.615000,   0.486595,    0.575000,   0.494343,  0.000000, 0.000000,       0.105000,      0.306553,      0.810000,     0.392301
   442,       0.945000,      0.227980,    0.615000,   0.486595,    0.575000,   0.494343,  0.000000, 0.000000,       0.110000,      0.312890,      0.810000,     0.392301
   443,       0.945000,      0.227980,    0.615000,   0.486595,    0.575000,   0.494343,  0.000000, 0.000000,       0.110000,      0.312890,      0.810000,     0.392301
   444,       0.945000,      0.227980,    0.615000,   0.486595,    0.575000,   0.494343,  0.000000, 0.000000,       0.110000,      0.312890,      0.810000,     0.392301
   445,       0.945000,      0.227980,    0.615000,   0.486595,    0.575000,   0.494343,  0.000000, 0.000000,       0.110000,      0.312890,      0.810000,     0.392301
   446,       0.945000,      0.227980,    0.615000,   0.486595,    0.575000,   0.494343,  0.000000, 0.000000,       0.105000,      0.306553,      0.810000,     0.392301
   447,       0.945000,      0.227980,    0.615000,   0.486595,    0.575000,   0.494343,  0.000000, 0.000000,       0.105000,      0.306553,      0.810000,     0.392301
   448,       0.945000,      0.227980,    0.615000,   0.486595,    0.575000,   0.494343,  0.000000, 0.000000,       0.095000,      0.293215,      0.810000,     0.392301
   449,       0.945000,      0.227980,    0.615000,   0.486595,    0.575000,   0.494343,  0.000000, 0.000000,       0.095000,      0.293215,      0.810000,     0.392301
   450,       0.940000,      0.237487,    0.615000,   0.486595,    0.575000,   0.494343,  0.000000, 0.000000,       0.095000,      0.293215,      0.810000,     0.392301
   451,       0.945000,      0.227980,    0.615000,   0.486595,    0.575000,   0.494343,  0.000000, 0.000000,       0.095000,      0.293215,      0.810000,     0.392301
   452,       0.945000,      0.227980,    0.615000,   0.486595,    0.575000,   0.494343,  0.000000, 0.000000,       0.095000,      0.293215,      0.810000,     0.392301
   453,       0.945000,      0.227980,    0.615000,   0.486595,    0.575000,   0.494343,  0.000000, 0.000000,       0.095000,      0.293215,      0.810000,     0.392301
   454,       0.945000,      0.227980,    0.615000,   0.486595,    0.575000,   0.494343,  0.000000, 0.000000,       0.095000,      0.293215,      0.810000,     0.392301
   455,       0.945000,      0.227980,    0.615000,   0.486595,    0.575000,   0.494343,  0.000000, 0.000000,       0.090000,      0.286182,      0.810000,     0.392301
   456,       0.950000,      0.217945,    0.615000,   0.486595,    0.575000,   0.494343,  0.000000, 0.000000,       0.085000,      0.278882,      0.810000,     0.392301
   457,       0.950000,      0.217945,    0.615000,   0.486595,    0.575000,   0.494343,  0.000000, 0.000000,       0.085000,      0.278882,      0.810000,     0.392301
   458,       0.950000,      0.217945,    0.615000,   0.486595,    0.575000,   0.494343,  0.000000, 0.000000,       0.085000,      0.278882,      0.810000,     0.392301
   459,       0.945000,      0.227980,    0.615000,   0.486595,    0.575000,   0.494343,  0.000000, 0.000000,       0.085000,      0.278882,      0.810000,     0.392301
   460,       0.945000,      0.227980,    0.615000,   0.486595,    0.575000,   0.494343,  0.000000, 0.000000,       0.085000,      0.278882,      0.810000,     0.392301
   461,       0.950000,      0.217945,    0.615000,   0.486595,    0.575000,   0.494343,  0.000000, 0.000000,       0.085000,      0.278882,      0.810000,     0.392301
   462,       0.945000,      0.227980,    0.615000,   0.486595,    0.575000,   0.494343,  0.000000, 0.000000,       0.085000,      0.278882,      0.810000,     0.392301
   463,       0.950000,      0.217945,    0.615000,   0.486595,    0.575000,   0.494343,  0.000000, 0.000000,       0.085000,      0.278882,      0.810000,     0.392301
   464,       0.950000,      0.217945,    0.615000,   0.486595,    0.575000,   0.494343,  0.000000, 0.000000,       0.085000,      0.278882,      0.810000,     0.392301
   465,       0.950000,      0.217945,    0.615000,   0.486595,    0.575000,   0.494343,  0.000000, 0.000000,       0.085000,      0.278882,      0.810000,     0.392301
   466,       0.945000,      0.227980,    0.615000,   0.486595,    0.575000,   0.494343,  0.000000, 0.000000,       0.085000,      0.278882,      0.810000,     0.392301
   467,       0.945000,      0.227980,    0.615000,   0.486595,    0.575000,   0.494343,  0.000000, 0.000000,       0.085000,      0.278882,      0.810000,     0.392301
   468,       0.940000,      0.237487,    0.615000,   0.486595,    0.575000,   0.494343,  0.000000, 0.000000,       0.085000,      0.278882,      0.810000,     0.392301
   469,       0.945000,      0.227980,    0.615000,   0.486595,    0.575000,   0.494343,  0.000000, 0.000000,       0.085000,      0.278882,      0.810000,     0.392301
   470,       0.940000,      0.237487,    0.615000,   0.486595,    0.575000,   0.494343,  0.000000, 0.000000,       0.080000,      0.271293,      0.810000,     0.392301
   471,       0.940000,      0.237487,    0.615000,   0.486595,    0.575000,   0.494343,  0.000000, 0.000000,       0.080000,      0.271293,      0.810000,     0.392301
   472,       0.940000,      0.237487,    0.615000,   0.486595,    0.575000,   0.494343,  0.000000, 0.000000,       0.085000,      0.278882,      0.810000,     0.392301
   473,       0.950000,      0.217945,    0.615000,   0.486595,    0.575000,   0.494343,  0.000000, 0.000000,       0.085000,      0.278882,      0.810000,     0.392301
   474,       0.945000,      0.227980,    0.615000,   0.486595,    0.575000,   0.494343,  0.000000, 0.000000,       0.090000,      0.286182,      0.810000,     0.392301
   475,       0.950000,      0.217945,    0.615000,   0.486595,    0.575000,   0.494343,  0.000000, 0.000000,       0.095000,      0.293215,      0.810000,     0.392301
   476,       0.950000,      0.217945,    0.615000,   0.486595,    0.575000,   0.494343,  0.000000, 0.000000,       0.095000,      0.293215,      0.810000,     0.392301
   477,       0.950000,      0.217945,    0.615000,   0.486595,    0.575000,   0.494343,  0.000000, 0.000000,       0.095000,      0.293215,      0.810000,     0.392301
   478,       0.945000,      0.227980,    0.615000,   0.486595,    0.575000,   0.494343,  0.000000, 0.000000,       0.095000,      0.293215,      0.810000,     0.392301
   479,       0.945000,      0.227980,    0.615000,   0.486595,    0.575000,   0.494343,  0.000000, 0.000000,       0.095000,      0.293215,      0.810000,     0.392301
   480,       0.945000,      0.227980,    0.615000,   0.486595,    0.575000,   0.494343,  0.000000, 0.000000,       0.095000,      0.293215,      0.810000,     0.392301
   481,       0.950000,      0.217945,    0.615000,   0.486595,    0.575000,   0.494343,  0.000000, 0.000000,       0.095000,      0.293215,      0.810000,     0.392301
   482,       0.945000,      0.227980,    0.615000,   0.486595,    0.575000,   0.494343,  0.000000, 0.000000,       0.095000,      0.293215,      0.810000,     0.392301
   483,       0.945000,      0.227980,    0.615000,   0.486595,    0.575000,   0.494343,  0.000000, 0.000000,       0.100000,      0.300000,      0.810000,     0.392301
   484,       0.940000,      0.237487,    0.615000,   0.486595,    0.575000,   0.494343,  0.000000, 0.000000,       0.100000,      0.300000,      0.810000,     0.392301
   485,       0.945000,      0.227980,    0.615000,   0.486595,    0.575000,   0.494343,  0.000000, 0.000000,       0.100000,      0.300000,      0.810000,     0.392301
   486,       0.945000,      0.227980,    0.615000,   0.486595,    0.575000,   0.494343,  0.000000, 0.000000,       0.100000,      0.300000,      0.810000,     0.392301
   487,       0.945000,      0.227980,    0.615000,   0.486595,    0.575000,   0.494343,  0.000000, 0.000000,       0.100000,      0.300000,      0.810000,     0.392301
   488,       0.945000,      0.227980,    0.615000,   0.486595,    0.575000,   0.494343,  0.000000, 0.000000,       0.105000,      0.306553,      0.810000,     0.392301
   489,       0.945000,      0.227980,    0.615000,   0.486595,    0.575000,   0.494343,  0.000000, 0.000000,       0.105000,      0.306553,      0.810000,     0.392301
   490,       0.950000,      0.217945,    0.615000,   0.486595,    0.575000,   0.494343,  0.000000, 0.000000,       0.105000,      0.306553,      0.810000,     0.392301
   491,       0.950000,      0.217945,    0.615000,   0.486595,    0.575000,   0.494343,  0.000000, 0.000000,       0.105000,      0.306553,      0.810000,     0.392301
   492,       0.950000,      0.217945,    0.615000,   0.486595,    0.575000,   0.494343,  0.000000, 0.000000,       0.105000,      0.306553,      0.810000,     0.392301
   493,       0.950000,      0.217945,    0.615000,   0.486595,    0.575000,   0.494343,  0.000000, 0.000000,       0.105000,      0.306553,      0.810000,     0.392301
   494,       0.945000,      0.227980,    0.615000,   0.486595,    0.575000,   0.494343,  0.000000, 0.000000,       0.105000,      0.306553,      0.810000,     0.392301
   495,       0.950000,      0.217945,    0.615000,   0.486595,    0.575000,   0.494343,  0.000000, 0.000000,       0.105000,      0.306553,      0.810000,     0.392301
   496,       0.950000,      0.217945,    0.615000,   0.486595,    0.575000,   0.494343,  0.000000, 0.000000,       0.105000,      0.306553,      0.810000,     0.392301
   497,       0.950000,      0.217945,    0.615000,   0.486595,    0.575000,   0.494343,  0.000000, 0.000000,       0.100000,      0.300000,      0.810000,     0.392301
   498,       0.950000,      0.217945,    0.615000,   0.486595,    0.575000,   0.494343,  0.000000, 0.000000,       0.100000,      0.300000,      0.810000,     0.392301
   499,       0.950000,      0.217945,    0.615000,   0.486595,    0.575000,   0.494343,  0.000000, 0.000000,       0.100000,      0.300000,      0.810000,     0.392301
   500,       0.945000,      0.227980,    0.615000,   0.486595,    0.575000,   0.494343,  0.000000, 0.000000,       0.100000,      0.300000,      0.810000,     0.392301
