Budget, Robust-FW_mean, Robust-FW_std, PARWiS_mean, PARWiS_std, SELECT_mean, SELECT_std, RUCB_mean, RUCB_std , MultiSort_mean, MultiSort_std, Knockout_mean, Knockout_std
     1,      41.855000,     27.635375,   14.480000,  16.102782,  100.000000,   0.000000, 41.055000, 26.358907,     100.000000,      0.000000,     50.685000,    29.696393
     2,      39.350000,     26.537474,   14.480000,  16.102782,  100.000000,   0.000000, 44.300000, 27.017957,     100.000000,      0.000000,     50.685000,    29.696393
     3,      38.740000,     25.990621,   14.480000,  16.102782,  100.000000,   0.000000, 46.365000, 26.762133,     100.000000,      0.000000,     40.445000,    26.063134
     4,      35.735000,     25.164157,   14.480000,  16.102782,  100.000000,   0.000000, 46.975000, 27.537509,     100.000000,      0.000000,     40.445000,    26.063134
     5,      36.535000,     24.676685,   14.480000,  16.102782,  100.000000,   0.000000, 47.730000, 28.187534,     100.000000,      0.000000,     40.445000,    26.063134
     6,      35.695000,     24.831673,   14.480000,  16.102782,  100.000000,   0.000000, 49.265000, 28.117339,     100.000000,      0.000000,     36.370000,    25.240703
     7,      35.950000,     24.932258,   14.480000,  16.102782,  100.000000,   0.000000, 49.515000, 28.324014,     100.000000,      0.000000,     36.370000,    25.240703
     8,      33.770000,     24.206964,   14.480000,  16.102782,  100.000000,   0.000000, 49.530000, 28.451698,     100.000000,      0.000000,     36.370000,    25.240703
     9,      33.475000,     24.220227,   14.480000,  16.102782,  100.000000,   0.000000, 49.355000, 28.332119,     100.000000,      0.000000,     37.105000,    25.796201
    10,      33.500000,     24.423554,   14.480000,  16.102782,  100.000000,   0.000000, 49.830000, 28.497212,     100.000000,      0.000000,     37.105000,    25.796201
    11,      32.085000,     23.581725,   14.480000,  16.102782,  100.000000,   0.000000, 49.835000, 28.491539,     100.000000,      0.000000,     37.105000,    25.796201
    12,      32.610000,     23.135857,   14.480000,  16.102782,  100.000000,   0.000000, 50.225000, 28.586787,     100.000000,      0.000000,     40.190000,    25.937500
    13,      32.465000,     23.192645,   14.480000,  16.102782,  100.000000,   0.000000, 49.860000, 28.440120,     100.000000,      0.000000,     40.190000,    25.937500
    14,      32.185000,     22.420098,   14.480000,  16.102782,  100.000000,   0.000000, 49.960000, 28.629328,     100.000000,      0.000000,     40.190000,    25.937500
    15,      32.365000,     23.412855,   14.480000,  16.102782,  100.000000,   0.000000, 50.305000, 28.813920,     100.000000,      0.000000,     37.645000,    25.424378
    16,      32.580000,     23.723271,   14.480000,  16.102782,  100.000000,   0.000000, 49.960000, 28.629328,     100.000000,      0.000000,     37.645000,    25.424378
    17,      32.495000,     23.536142,   14.480000,  16.102782,  100.000000,   0.000000, 49.990000, 28.610486,     100.000000,      0.000000,     37.645000,    25.424378
    18,      33.700000,     24.702834,   14.480000,  16.102782,  100.000000,   0.000000, 50.205000, 28.785812,     100.000000,      0.000000,     40.925000,    25.404515
    19,      33.700000,     24.702834,   14.480000,  16.102782,  100.000000,   0.000000, 49.925000, 28.610826,     100.000000,      0.000000,     40.925000,    25.404515
    20,      34.505000,     24.942734,   14.480000,  16.102782,  100.000000,   0.000000, 50.300000, 28.694425,     100.000000,      0.000000,     40.925000,    25.404515
    21,      34.895000,     25.386886,   14.480000,  16.102782,  100.000000,   0.000000, 49.970000, 28.511385,     100.000000,      0.000000,     35.705000,    23.806889
    22,      34.895000,     25.386886,   14.480000,  16.102782,  100.000000,   0.000000, 49.820000, 28.678696,     100.000000,      0.000000,     35.705000,    23.806889
    23,      35.465000,     25.620866,   14.480000,  16.102782,  100.000000,   0.000000, 49.820000, 28.678696,     100.000000,      0.000000,     35.705000,    23.806889
    24,      36.135000,     26.025695,   14.480000,  16.102782,  100.000000,   0.000000, 49.820000, 28.678696,     100.000000,      0.000000,     36.595000,    24.271814
    25,      36.135000,     26.025695,   14.480000,  16.102782,  100.000000,   0.000000, 49.820000, 28.678696,     100.000000,      0.000000,     36.595000,    24.271814
    26,      36.270000,     25.978204,   14.480000,  16.102782,  100.000000,   0.000000, 49.820000, 28.678696,     100.000000,      0.000000,     36.595000,    24.271814
    27,      36.295000,     25.857455,   14.480000,  16.102782,  100.000000,   0.000000, 49.430000, 28.578228,     100.000000,      0.000000,     38.285000,    26.122859
    28,      36.295000,     25.857455,   14.480000,  16.102782,  100.000000,   0.000000, 50.030000, 28.948214,     100.000000,      0.000000,     38.285000,    26.122859
    29,      36.295000,     25.857455,   14.480000,  16.102782,  100.000000,   0.000000, 50.030000, 28.948214,     100.000000,      0.000000,     38.285000,    26.122859
    30,      34.310000,     25.571740,   14.480000,  16.102782,  100.000000,   0.000000, 49.750000, 28.772513,     100.000000,      0.000000,     38.005000,    23.859903
    31,      34.310000,     25.571740,   14.480000,  16.102782,  100.000000,   0.000000, 49.970000, 28.835379,     100.000000,      0.000000,     38.005000,    23.859903
    32,      34.310000,     25.571740,   14.480000,  16.102782,  100.000000,   0.000000, 49.490000, 28.814231,     100.000000,      0.000000,     38.005000,    23.859903
    33,      34.910000,     25.219475,   14.480000,  16.102782,  100.000000,   0.000000, 49.490000, 28.814231,     100.000000,      0.000000,     40.060000,    22.810664
    34,      34.910000,     25.219475,   14.480000,  16.102782,  100.000000,   0.000000, 49.490000, 28.814231,     100.000000,      0.000000,     40.060000,    22.810664
    35,      34.910000,     25.219475,   14.480000,  16.102782,  100.000000,   0.000000, 49.490000, 28.814231,     100.000000,      0.000000,     40.060000,    22.810664
    36,      34.915000,     25.378096,   14.480000,  16.102782,  100.000000,   0.000000, 49.490000, 28.814231,     100.000000,      0.000000,     41.495000,    25.138615
    37,      34.915000,     25.378096,   14.480000,  16.102782,  100.000000,   0.000000, 49.490000, 28.814231,     100.000000,      0.000000,     41.495000,    25.138615
    38,      34.915000,     25.378096,   14.480000,  16.102782,  100.000000,   0.000000, 49.490000, 28.814231,     100.000000,      0.000000,     41.495000,    25.138615
    39,      35.695000,     25.770952,   14.480000,  16.102782,  100.000000,   0.000000, 49.490000, 28.814231,     100.000000,      0.000000,     41.960000,    25.055307
    40,      35.695000,     25.770952,   14.480000,  16.102782,  100.000000,   0.000000, 49.335000, 28.613856,     100.000000,      0.000000,     41.960000,    25.055307
    41,      35.755000,     25.776248,   14.480000,  16.102782,  100.000000,   0.000000, 49.335000, 28.613856,     100.000000,      0.000000,     41.960000,    25.055307
    42,      35.185000,     25.701377,   14.480000,  16.102782,  100.000000,   0.000000, 49.035000, 28.415907,     100.000000,      0.000000,     38.645000,    24.234665
    43,      35.185000,     25.701377,   14.480000,  16.102782,  100.000000,   0.000000, 49.035000, 28.415907,     100.000000,      0.000000,     38.645000,    24.234665
    44,      35.185000,     25.701377,   14.480000,  16.102782,  100.000000,   0.000000, 49.515000, 28.445031,     100.000000,      0.000000,     38.645000,    24.234665
    45,      36.455000,     25.733985,   14.480000,  16.102782,  100.000000,   0.000000, 49.515000, 28.445031,     100.000000,      0.000000,     38.670000,    25.651337
    46,      36.455000,     25.733985,   14.480000,  16.102782,  100.000000,   0.000000, 49.515000, 28.445031,     100.000000,      0.000000,     38.670000,    25.651337
    47,      36.455000,     25.733985,   14.480000,  16.102782,  100.000000,   0.000000, 49.515000, 28.445031,     100.000000,      0.000000,     38.670000,    25.651337
    48,      36.775000,     25.942521,   14.480000,  16.102782,  100.000000,   0.000000, 49.515000, 28.445031,     100.000000,      0.000000,     37.940000,    22.799702
    49,      36.775000,     25.942521,   14.480000,  16.102782,  100.000000,   0.000000, 49.515000, 28.445031,     100.000000,      0.000000,     37.940000,    22.799702
    50,      36.775000,     25.942521,   14.480000,  16.102782,  100.000000,   0.000000, 49.515000, 28.445031,     100.000000,      0.000000,     37.940000,    22.799702
    51,      35.780000,     25.749400,   14.480000,  16.102782,  100.000000,   0.000000, 48.705000, 28.227964,     100.000000,      0.000000,     37.490000,    24.192352
    52,      35.780000,     25.749400,   14.480000,  16.102782,  100.000000,   0.000000, 48.705000, 28.227964,     100.000000,      0.000000,     37.490000,    24.192352
    53,      35.780000,     25.749400,   14.480000,  16.102782,  100.000000,   0.000000, 48.705000, 28.227964,     100.000000,      0.000000,     37.490000,    24.192352
    54,      36.500000,     25.484505,   14.480000,  16.102782,  100.000000,   0.000000, 48.705000, 28.227964,     100.000000,      0.000000,     36.935000,    24.641850
    55,      36.500000,     25.484505,   14.480000,  16.102782,  100.000000,   0.000000, 48.705000, 28.227964,     100.000000,      0.000000,     36.935000,    24.641850
    56,      36.500000,     25.484505,   14.480000,  16.102782,  100.000000,   0.000000, 48.705000, 28.227964,     100.000000,      0.000000,     36.935000,    24.641850
    57,      37.255000,     25.731109,   14.480000,  16.102782,  100.000000,   0.000000, 48.305000, 28.319992,     100.000000,      0.000000,     41.235000,    26.490183
    58,      37.255000,     25.731109,   14.480000,  16.102782,  100.000000,   0.000000, 48.305000, 28.319992,     100.000000,      0.000000,     41.235000,    26.490183
    59,      37.255000,     25.731109,   14.480000,  16.102782,  100.000000,   0.000000, 48.305000, 28.319992,     100.000000,      0.000000,     41.235000,    26.490183
    60,      37.320000,     25.927738,   14.480000,  16.102782,  100.000000,   0.000000, 48.110000, 28.117573,     100.000000,      0.000000,     40.780000,    26.253602
    61,      37.320000,     25.927738,   14.480000,  16.102782,  100.000000,   0.000000, 48.110000, 28.117573,     100.000000,      0.000000,     40.780000,    26.253602
    62,      37.320000,     25.927738,   14.480000,  16.102782,  100.000000,   0.000000, 48.110000, 28.117573,     100.000000,      0.000000,     40.780000,    26.253602
    63,      36.965000,     26.004495,   14.480000,  16.102782,  100.000000,   0.000000, 48.110000, 28.117573,     100.000000,      0.000000,     42.105000,    25.173279
    64,      36.965000,     26.004495,   14.480000,  16.102782,  100.000000,   0.000000, 48.110000, 28.117573,     100.000000,      0.000000,     42.105000,    25.173279
    65,      36.965000,     26.004495,   14.480000,  16.102782,  100.000000,   0.000000, 48.110000, 28.117573,     100.000000,      0.000000,     42.105000,    25.173279
    66,      36.270000,     25.610488,   14.480000,  16.102782,  100.000000,   0.000000, 47.945000, 27.967695,     100.000000,      0.000000,     40.070000,    25.204069
    67,      36.270000,     25.610488,   14.480000,  16.102782,  100.000000,   0.000000, 47.810000, 28.175236,     100.000000,      0.000000,     40.070000,    25.204069
    68,      36.270000,     25.610488,   14.480000,  16.102782,  100.000000,   0.000000, 47.555000, 28.013514,     100.000000,      0.000000,     40.070000,    25.204069
    69,      36.895000,     25.334640,   14.480000,  16.102782,  100.000000,   0.000000, 47.480000, 27.971228,     100.000000,      0.000000,     35.180000,    25.477983
    70,      36.895000,     25.334640,   14.480000,  16.102782,  100.000000,   0.000000, 47.405000, 27.868997,     100.000000,      0.000000,     35.180000,    25.477983
    71,      36.895000,     25.334640,   14.480000,  16.102782,  100.000000,   0.000000, 47.480000, 27.911639,     100.000000,      0.000000,     35.180000,    25.477983
    72,      37.175000,     25.162758,   14.480000,  16.102782,  100.000000,   0.000000, 47.480000, 27.911639,     100.000000,      0.000000,     38.250000,    24.919420
    73,      37.175000,     25.162758,   14.480000,  16.102782,  100.000000,   0.000000, 46.715000, 27.739931,     100.000000,      0.000000,     38.250000,    24.919420
    74,      37.175000,     25.162758,   14.480000,  16.102782,  100.000000,   0.000000, 46.715000, 27.739931,     100.000000,      0.000000,     38.250000,    24.919420
    75,      37.150000,     25.077430,   14.480000,  16.102782,  100.000000,   0.000000, 46.330000, 27.656845,     100.000000,      0.000000,     40.250000,    23.728833
    76,      37.150000,     25.077430,   14.480000,  16.102782,  100.000000,   0.000000, 46.110000, 27.442994,     100.000000,      0.000000,     40.250000,    23.728833
    77,      37.150000,     25.077430,   14.480000,  16.102782,  100.000000,   0.000000, 46.110000, 27.442994,     100.000000,      0.000000,     40.250000,    23.728833
    78,      37.675000,     25.110145,   14.480000,  16.102782,  100.000000,   0.000000, 46.110000, 27.442994,     100.000000,      0.000000,     39.550000,    24.532173
    79,      37.675000,     25.110145,   14.480000,  16.102782,  100.000000,   0.000000, 46.110000, 27.442994,     100.000000,      0.000000,     39.550000,    24.532173
    80,      37.675000,     25.110145,   14.480000,  16.102782,  100.000000,   0.000000, 46.110000, 27.442994,     100.000000,      0.000000,     39.550000,    24.532173
    81,      37.865000,     25.309816,   14.480000,  16.102782,  100.000000,   0.000000, 46.110000, 27.442994,     100.000000,      0.000000,     42.390000,    25.231684
    82,      37.865000,     25.309816,   14.480000,  16.102782,  100.000000,   0.000000, 45.440000, 27.221249,     100.000000,      0.000000,     42.390000,    25.231684
    83,      37.865000,     25.309816,   14.480000,  16.102782,  100.000000,   0.000000, 45.440000, 27.221249,     100.000000,      0.000000,     42.390000,    25.231684
    84,      37.550000,     24.805997,   14.480000,  16.102782,  100.000000,   0.000000, 45.075000, 27.150863,     100.000000,      0.000000,     38.165000,    25.619871
    85,      37.550000,     24.805997,   14.480000,  16.102782,  100.000000,   0.000000, 45.075000, 27.150863,     100.000000,      0.000000,     38.165000,    25.619871
    86,      37.550000,     24.805997,   14.480000,  16.102782,  100.000000,   0.000000, 45.075000, 27.150863,     100.000000,      0.000000,     38.165000,    25.619871
    87,      37.805000,     24.359741,   14.480000,  16.102782,  100.000000,   0.000000, 45.075000, 27.150863,     100.000000,      0.000000,     40.345000,    25.912661
    88,      37.805000,     24.359741,   14.480000,  16.102782,  100.000000,   0.000000, 45.295000, 27.375317,     100.000000,      0.000000,     40.345000,    25.912661
    89,      37.805000,     24.359741,   14.480000,  16.102782,  100.000000,   0.000000, 45.670000, 27.484925,     100.000000,      0.000000,     40.345000,    25.912661
    90,      37.855000,     23.937293,   14.480000,  16.102782,  100.000000,   0.000000, 45.615000, 27.433133,     100.000000,      0.000000,     36.260000,    25.029231
    91,      37.855000,     23.937293,   14.480000,  16.102782,  100.000000,   0.000000, 45.245000, 27.533161,     100.000000,      0.000000,     36.260000,    25.029231
    92,      37.855000,     23.937293,   14.480000,  16.102782,  100.000000,   0.000000, 45.245000, 27.533161,     100.000000,      0.000000,     36.260000,    25.029231
    93,      38.325000,     24.111188,   14.480000,  16.102782,  100.000000,   0.000000, 45.185000, 27.476913,     100.000000,      0.000000,     38.160000,    24.791821
    94,      38.325000,     24.111188,   14.480000,  16.102782,  100.000000,   0.000000, 45.645000, 27.483067,     100.000000,      0.000000,     38.160000,    24.791821
    95,      38.325000,     24.111188,   14.480000,  16.102782,  100.000000,   0.000000, 45.645000, 27.483067,     100.000000,      0.000000,     38.160000,    24.791821
    96,      38.060000,     23.761027,   14.480000,  16.102782,  100.000000,   0.000000, 45.645000, 27.483067,     100.000000,      0.000000,     39.190000,    24.574660
    97,      38.060000,     23.761027,   14.480000,  16.102782,  100.000000,   0.000000, 45.185000, 27.441953,     100.000000,      0.000000,     39.190000,    24.574660
    98,      38.060000,     23.761027,   14.480000,  16.102782,  100.000000,   0.000000, 45.185000, 27.441953,     100.000000,      0.000000,     39.190000,    24.574660
    99,      37.865000,     23.596330,   14.480000,  16.102782,   14.420000,  16.131138, 44.810000, 27.325517,     100.000000,      0.000000,     35.175000,    25.178848
   100,      37.865000,     23.596330,   13.110000,  14.949177,   14.420000,  16.131138, 45.210000, 27.281420,     100.000000,      0.000000,     35.175000,    25.178848
   101,      37.865000,     23.596330,   12.995000,  14.868590,   14.420000,  16.131138, 45.210000, 27.281420,     100.000000,      0.000000,     35.175000,    25.178848
   102,      37.385000,     23.447746,   12.270000,  14.344236,   14.420000,  16.131138, 45.210000, 27.281420,     100.000000,      0.000000,     38.770000,    25.392461
   103,      37.385000,     23.447746,   12.140000,  14.281120,   14.420000,  16.131138, 44.630000, 27.044835,     100.000000,      0.000000,     38.770000,    25.392461
   104,      37.385000,     23.447746,   12.255000,  14.513441,   14.420000,  16.131138, 44.455000, 26.947875,     100.000000,      0.000000,     38.770000,    25.392461
   105,      37.375000,     23.449187,   12.285000,  14.667439,   14.420000,  16.131138, 44.455000, 26.947875,     100.000000,      0.000000,     37.380000,    24.163311
   106,      37.375000,     23.449187,   12.425000,  14.882015,   14.420000,  16.131138, 44.760000, 26.830065,     100.000000,      0.000000,     37.380000,    24.163311
   107,      37.375000,     23.449187,   12.520000,  15.301294,   14.420000,  16.131138, 44.565000, 26.720886,     100.000000,      0.000000,     37.380000,    24.163311
   108,      37.575000,     23.555559,   12.400000,  14.758049,   14.420000,  16.131138, 44.565000, 26.720886,     100.000000,      0.000000,     38.940000,    25.650661
   109,      35.680000,     23.252475,   12.400000,  14.758049,   14.420000,  16.131138, 44.565000, 26.720886,     100.000000,      0.000000,     38.940000,    25.650661
   110,      36.295000,     24.094978,   12.395000,  14.760047,   14.420000,  16.131138, 43.945000, 26.339741,     100.000000,      0.000000,     38.940000,    25.650661
   111,      34.810000,     24.146923,   12.450000,  14.815448,   14.420000,  16.131138, 43.945000, 26.339741,     100.000000,      0.000000,     40.190000,    24.954436
   112,      33.985000,     23.379153,   12.470000,  14.815502,   14.420000,  16.131138, 43.770000, 26.235607,     100.000000,      0.000000,     40.190000,    24.954436
   113,      34.005000,     23.240374,   12.425000,  14.830522,   14.420000,  16.131138, 43.430000, 26.061372,     100.000000,      0.000000,     40.190000,    24.954436
   114,      33.395000,     22.592454,   12.425000,  14.830522,   14.420000,  16.131138, 43.805000, 26.203186,     100.000000,      0.000000,     35.405000,    24.979811
   115,      32.575000,     22.675193,   12.425000,  14.830522,   14.420000,  16.131138, 43.805000, 26.203186,     100.000000,      0.000000,     35.405000,    24.979811
   116,      32.785000,     22.208980,   12.425000,  14.830522,   14.420000,  16.131138, 43.430000, 26.061372,     100.000000,      0.000000,     35.405000,    24.979811
   117,      32.675000,     22.260938,   12.425000,  14.830522,   14.420000,  16.131138, 42.990000, 26.014994,     100.000000,      0.000000,     41.560000,    24.052160
   118,      31.830000,     21.365652,   12.425000,  14.830522,   14.420000,  16.131138, 42.990000, 26.014994,     100.000000,      0.000000,     41.560000,    24.052160
   119,      31.225000,     21.977361,   12.425000,  14.830522,   14.420000,  16.131138, 42.790000, 25.735887,     100.000000,      0.000000,     41.560000,    24.052160
   120,      30.610000,     21.962193,   12.185000,  14.623638,   14.420000,  16.131138, 42.180000, 25.665689,     100.000000,      0.000000,     40.575000,    24.079543
   121,      30.130000,     22.232928,   12.185000,  14.623638,   14.420000,  16.131138, 41.950000, 25.630402,     100.000000,      0.000000,     40.575000,    24.079543
   122,      28.730000,     21.646411,   12.185000,  14.623638,   14.420000,  16.131138, 41.950000, 25.630402,     100.000000,      0.000000,     40.575000,    24.079543
   123,      28.545000,     21.633723,   12.185000,  14.623638,   14.420000,  16.131138, 42.180000, 25.665689,     100.000000,      0.000000,     37.140000,    24.735610
   124,      28.420000,     21.745657,   12.185000,  14.623638,   14.420000,  16.131138, 42.035000, 25.538085,     100.000000,      0.000000,     37.140000,    24.735610
   125,      28.390000,     21.525517,   12.185000,  14.623638,   14.420000,  16.131138, 42.555000, 25.924255,     100.000000,      0.000000,     37.140000,    24.735610
   126,      28.755000,     21.185726,   12.185000,  14.623638,   14.420000,  16.131138, 42.150000, 25.775715,     100.000000,      0.000000,     38.170000,    25.207957
   127,      28.835000,     21.408591,   12.010000,  14.230597,   14.420000,  16.131138, 42.150000, 25.775715,     100.000000,      0.000000,     38.170000,    25.207957
   128,      28.410000,     21.911456,   12.035000,  14.261268,   14.420000,  16.131138, 42.090000, 25.708401,     100.000000,      0.000000,     38.170000,    25.207957
   129,      28.190000,     21.318159,   12.185000,  14.623638,   14.420000,  16.131138, 42.090000, 25.708401,     100.000000,      0.000000,     42.085000,    25.078632
   130,      28.555000,     21.503650,   12.185000,  14.623638,   14.420000,  16.131138, 42.265000, 25.826048,     100.000000,      0.000000,     42.085000,    25.078632
   131,      27.780000,     20.925860,   12.185000,  14.623638,   14.420000,  16.131138, 42.035000, 25.683337,     100.000000,      0.000000,     42.085000,    25.078632
   132,      28.255000,     21.030929,   12.000000,  14.491377,   14.420000,  16.131138, 41.770000, 25.511509,     100.000000,      0.000000,     38.995000,    25.868803
   133,      28.130000,     21.234715,   12.000000,  14.491377,   14.420000,  16.131138, 41.540000, 25.472307,     100.000000,      0.000000,     38.995000,    25.868803
   134,      27.765000,     21.173563,   12.000000,  14.491377,   14.420000,  16.131138, 41.540000, 25.472307,     100.000000,      0.000000,     38.995000,    25.868803
   135,      27.705000,     20.754710,   12.000000,  14.491377,   14.420000,  16.131138, 41.540000, 25.472307,     100.000000,      0.000000,     39.785000,    26.945849
   136,      27.975000,     21.060018,   12.000000,  14.491377,   14.420000,  16.131138, 41.450000, 25.568682,     100.000000,      0.000000,     39.785000,    26.945849
   137,      27.060000,     20.919044,   12.000000,  14.491377,   14.420000,  16.131138, 40.955000, 25.409309,     100.000000,      0.000000,     39.785000,    26.945849
   138,      26.210000,     20.276733,   12.000000,  14.491377,   14.420000,  16.131138, 41.240000, 25.481020,     100.000000,      0.000000,     40.170000,    26.757263
   139,      26.125000,     20.315742,   12.000000,  14.491377,   14.420000,  16.131138, 40.955000, 25.409309,     100.000000,      0.000000,     40.170000,    26.757263
   140,      25.815000,     20.669320,   12.000000,  14.491377,   14.420000,  16.131138, 41.015000, 25.517735,     100.000000,      0.000000,     40.170000,    26.757263
   141,      25.915000,     20.595091,   12.000000,  14.491377,   14.420000,  16.131138, 40.825000, 25.382757,     100.000000,      0.000000,     38.615000,    25.523259
   142,      26.175000,     20.515467,   12.000000,  14.491377,   14.420000,  16.131138, 40.690000, 25.181221,     100.000000,      0.000000,     38.615000,    25.523259
   143,      26.275000,     20.871976,   11.710000,  14.061860,   14.420000,  16.131138, 40.975000, 25.256571,     100.000000,      0.000000,     38.615000,    25.523259
   144,      26.065000,     20.434304,   11.710000,  14.061860,   14.420000,  16.131138, 40.685000, 25.104895,     100.000000,      0.000000,     37.835000,    25.276427
   145,      26.065000,     20.434304,   11.710000,  14.061860,   14.420000,  16.131138, 40.410000, 25.203807,     100.000000,      0.000000,     37.835000,    25.276427
   146,      25.980000,     20.681866,   11.710000,  14.061860,   14.420000,  16.131138, 40.700000, 25.358036,     100.000000,      0.000000,     37.835000,    25.276427
   147,      25.925000,     21.173554,   11.710000,  14.061860,   14.420000,  16.131138, 40.000000, 25.012397,     100.000000,      0.000000,     38.745000,    24.047245
   148,      25.975000,     21.153354,   11.710000,  14.061860,   14.420000,  16.131138, 40.000000, 25.012397,     100.000000,      0.000000,     38.745000,    24.047245
   149,      26.280000,     21.059240,   11.710000,  14.061860,   14.420000,  16.131138, 40.000000, 25.012397,     100.000000,      0.000000,     38.745000,    24.047245
   150,      26.800000,     20.944450,   11.710000,  14.061860,   14.420000,  16.131138, 40.000000, 25.012397,     100.000000,      0.000000,     37.385000,    24.795096
   151,      27.180000,     20.916443,   11.710000,  14.061860,   14.420000,  16.131138, 40.000000, 25.012397,     100.000000,      0.000000,     37.385000,    24.795096
   152,      27.495000,     21.118001,   11.710000,  14.061860,   14.420000,  16.131138, 39.425000, 24.548612,     100.000000,      0.000000,     37.385000,    24.795096
   153,      26.930000,     21.105097,   11.710000,  14.061860,   14.420000,  16.131138, 39.425000, 24.548612,     100.000000,      0.000000,     30.985000,    22.288894
   154,      27.010000,     21.201177,   11.710000,  14.061860,   14.420000,  16.131138, 39.170000, 24.274907,     100.000000,      0.000000,     30.985000,    22.288894
   155,      26.920000,     21.249791,   11.710000,  14.061860,   14.420000,  16.131138, 39.170000, 24.274907,     100.000000,      0.000000,     30.985000,    22.288894
   156,      26.885000,     21.618783,   11.710000,  14.061860,   14.420000,  16.131138, 39.170000, 24.274907,     100.000000,      0.000000,     29.295000,    21.681051
   157,      26.890000,     21.622393,   11.710000,  14.061860,   14.420000,  16.131138, 39.170000, 24.274907,     100.000000,      0.000000,     29.295000,    21.681051
   158,      26.660000,     21.368772,   11.710000,  14.061860,   14.420000,  16.131138, 39.170000, 24.274907,     100.000000,      0.000000,     29.295000,    21.681051
   159,      26.610000,     21.564969,   11.710000,  14.061860,   14.420000,  16.131138, 39.005000, 24.039862,     100.000000,      0.000000,     32.020000,    21.526021
   160,      26.215000,     21.305370,   11.710000,  14.061860,   14.420000,  16.131138, 39.005000, 24.039862,     100.000000,      0.000000,     32.020000,    21.526021
   161,      26.800000,     21.264054,   11.710000,  14.061860,   14.420000,  16.131138, 39.005000, 24.039862,     100.000000,      0.000000,     32.020000,    21.526021
   162,      26.160000,     21.193499,   11.710000,  14.061860,   14.420000,  16.131138, 39.005000, 24.039862,     100.000000,      0.000000,     28.975000,    21.017240
   163,      26.340000,     21.157372,   11.710000,  14.061860,   14.420000,  16.131138, 39.005000, 24.039862,     100.000000,      0.000000,     28.975000,    21.017240
   164,      25.855000,     21.099857,   11.710000,  14.061860,   14.420000,  16.131138, 38.990000, 24.115553,     100.000000,      0.000000,     28.975000,    21.017240
   165,      26.075000,     21.234627,   11.710000,  14.061860,   14.420000,  16.131138, 38.990000, 24.115553,     100.000000,      0.000000,     31.335000,    22.686401
   166,      25.920000,     20.912762,   11.710000,  14.061860,   14.420000,  16.131138, 38.990000, 24.115553,     100.000000,      0.000000,     31.335000,    22.686401
   167,      25.700000,     20.921281,   11.710000,  14.061860,   14.420000,  16.131138, 38.990000, 24.115553,     100.000000,      0.000000,     31.335000,    22.686401
   168,      25.585000,     20.936398,   11.710000,  14.061860,   14.420000,  16.131138, 38.990000, 24.115553,     100.000000,      0.000000,     32.805000,    22.217493
   169,      25.810000,     21.009376,   11.710000,  14.061860,   14.420000,  16.131138, 38.340000, 24.115232,     100.000000,      0.000000,     32.805000,    22.217493
   170,      25.330000,     20.789206,   11.710000,  14.061860,   14.420000,  16.131138, 38.710000, 24.229649,     100.000000,      0.000000,     32.805000,    22.217493
   171,      25.785000,     20.494848,   11.710000,  14.061860,   14.420000,  16.131138, 38.710000, 24.229649,     100.000000,      0.000000,     31.495000,    20.749457
   172,      25.785000,     20.494848,   11.710000,  14.061860,   14.420000,  16.131138, 38.710000, 24.229649,     100.000000,      0.000000,     31.495000,    20.749457
   173,      25.465000,     20.313266,   11.710000,  14.061860,   14.420000,  16.131138, 38.110000, 24.069024,     100.000000,      0.000000,     31.495000,    20.749457
   174,      24.710000,     19.892609,   11.710000,  14.061860,   14.420000,  16.131138, 37.820000, 23.741053,     100.000000,      0.000000,     32.305000,    21.592174
   175,      24.580000,     19.778868,   11.710000,  14.061860,   14.420000,  16.131138, 37.820000, 23.741053,     100.000000,      0.000000,     32.305000,    21.592174
   176,      24.310000,     19.523931,   11.710000,  14.061860,   14.420000,  16.131138, 37.635000, 23.418834,     100.000000,      0.000000,     32.305000,    21.592174
   177,      24.980000,     19.977477,   11.710000,  14.061860,   14.420000,  16.131138, 37.570000, 23.327347,     100.000000,      0.000000,     29.205000,    20.253962
   178,      24.980000,     19.977477,   11.710000,  14.061860,   14.420000,  16.131138, 37.570000, 23.327347,     100.000000,      0.000000,     29.205000,    20.253962
   179,      25.130000,     20.186211,   11.710000,  14.061860,   14.420000,  16.131138, 37.270000, 23.332747,     100.000000,      0.000000,     29.205000,    20.253962
   180,      25.660000,     20.211739,   11.710000,  14.061860,   14.420000,  16.131138, 37.335000, 23.425046,     100.000000,      0.000000,     30.380000,    21.982848
   181,      25.660000,     20.211739,   11.710000,  14.061860,   14.420000,  16.131138, 37.270000, 23.332747,     100.000000,      0.000000,     30.380000,    21.982848
   182,      25.660000,     20.211739,   11.710000,  14.061860,   14.420000,  16.131138, 37.210000, 23.204437,     100.000000,      0.000000,     30.380000,    21.982848
   183,      25.325000,     20.537268,   11.710000,  14.061860,   14.420000,  16.131138, 37.210000, 23.204437,     100.000000,      0.000000,     32.575000,    21.900328
   184,      25.325000,     20.537268,   11.710000,  14.061860,   14.420000,  16.131138, 37.210000, 23.204437,     100.000000,      0.000000,     32.575000,    21.900328
   185,      24.970000,     20.465803,   11.710000,  14.061860,   14.420000,  16.131138, 37.210000, 23.204437,     100.000000,      0.000000,     32.575000,    21.900328
   186,      24.990000,     20.312555,   11.710000,  14.061860,   14.420000,  16.131138, 37.210000, 23.204437,     100.000000,      0.000000,     29.450000,    22.802357
   187,      24.990000,     20.312555,   11.710000,  14.061860,   14.420000,  16.131138, 37.210000, 23.204437,     100.000000,      0.000000,     29.450000,    22.802357
   188,      24.990000,     20.312555,   11.710000,  14.061860,   14.420000,  16.131138, 37.210000, 23.204437,     100.000000,      0.000000,     29.450000,    22.802357
   189,      24.735000,     20.046815,   11.710000,  14.061860,   14.420000,  16.131138, 36.920000, 23.242711,     100.000000,      0.000000,     33.840000,    20.714111
   190,      24.735000,     20.046815,   11.710000,  14.061860,   14.420000,  16.131138, 36.920000, 23.242711,     100.000000,      0.000000,     33.840000,    20.714111
   191,      24.735000,     20.046815,   11.710000,  14.061860,   14.420000,  16.131138, 36.920000, 23.242711,     100.000000,      0.000000,     33.840000,    20.714111
   192,      24.440000,     19.993909,   11.710000,  14.061860,   14.420000,  16.131138, 36.970000, 23.345858,     100.000000,      0.000000,     31.790000,    22.938742
   193,      24.440000,     19.993909,   11.710000,  14.061860,   14.420000,  16.131138, 36.605000, 23.481034,     100.000000,      0.000000,     31.790000,    22.938742
   194,      24.320000,     20.026173,   11.710000,  14.061860,   14.420000,  16.131138, 36.605000, 23.481034,     100.000000,      0.000000,     31.790000,    22.938742
   195,      25.085000,     20.454774,   11.710000,  14.061860,   14.420000,  16.131138, 36.865000, 23.428546,     100.000000,      0.000000,     30.495000,    21.373113
   196,      25.085000,     20.454774,   11.710000,  14.061860,   14.420000,  16.131138, 36.865000, 23.428546,     100.000000,      0.000000,     30.495000,    21.373113
   197,      24.905000,     20.384209,   11.710000,  14.061860,   14.420000,  16.131138, 36.645000, 23.501255,     100.000000,      0.000000,     30.495000,    21.373113
   198,      24.625000,     20.601077,   11.710000,  14.061860,   14.420000,  16.131138, 36.645000, 23.501255,     100.000000,      0.000000,     30.460000,    21.216230
   199,      24.625000,     20.601077,   11.710000,  14.061860,   14.420000,  16.131138, 36.575000, 23.309105,     100.000000,      0.000000,     30.460000,    21.216230
   200,      24.625000,     20.601077,   11.710000,  14.061860,   14.420000,  16.131138, 36.395000, 23.122478,     100.000000,      0.000000,     30.460000,    21.216230
   201,      24.500000,     20.480967,   11.710000,  14.061860,   14.420000,  16.131138, 36.395000, 23.122478,      99.660000,      4.796290,     29.570000,    21.799888
   202,      24.500000,     20.480967,   11.710000,  14.061860,   14.420000,  16.131138, 36.395000, 23.122478,      99.660000,      4.796290,     29.570000,    21.799888
   203,      24.500000,     20.480967,   11.710000,  14.061860,   14.420000,  16.131138, 36.175000, 23.191688,      99.660000,      4.796290,     29.570000,    21.799888
   204,      24.375000,     20.541528,   11.710000,  14.061860,   14.420000,  16.131138, 36.175000, 23.191688,      99.660000,      4.796290,     30.250000,    20.511643
   205,      24.105000,     21.112413,   11.710000,  14.061860,   14.420000,  16.131138, 36.175000, 23.191688,      99.660000,      4.796290,     30.250000,    20.511643
   206,      23.215000,     20.776159,   11.710000,  14.061860,   14.420000,  16.131138, 36.125000, 23.086129,      99.660000,      4.796290,     30.250000,    20.511643
   207,      23.285000,     20.978650,   11.710000,  14.061860,   14.420000,  16.131138, 36.125000, 23.086129,      99.660000,      4.796290,     27.915000,    20.760968
   208,      23.315000,     20.796533,   11.710000,  14.061860,   14.420000,  16.131138, 36.125000, 23.086129,      99.660000,      4.796290,     27.915000,    20.760968
   209,      22.110000,     20.025681,   11.710000,  14.061860,   14.420000,  16.131138, 36.125000, 23.086129,      99.660000,      4.796290,     27.915000,    20.760968
   210,      23.195000,     19.741251,   11.710000,  14.061860,   14.420000,  16.131138, 35.755000, 22.924332,      99.660000,      4.796290,     34.655000,    21.293567
   211,      23.530000,     19.548890,   11.710000,  14.061860,   14.420000,  16.131138, 35.755000, 22.924332,      99.660000,      4.796290,     34.655000,    21.293567
   212,      22.280000,     19.119665,   11.710000,  14.061860,   14.420000,  16.131138, 35.520000, 22.987162,      99.660000,      4.796290,     34.655000,    21.293567
   213,      23.450000,     19.483262,   11.710000,  14.061860,   14.420000,  16.131138, 35.400000, 22.932074,      99.660000,      4.796290,     30.035000,    21.596846
   214,      22.955000,     19.576593,   11.710000,  14.061860,   14.420000,  16.131138, 35.400000, 22.932074,      99.660000,      4.796290,     30.035000,    21.596846
   215,      22.980000,     19.805797,   11.710000,  14.061860,   14.420000,  16.131138, 35.400000, 22.932074,      99.660000,      4.796290,     30.035000,    21.596846
   216,      22.035000,     19.105857,   11.710000,  14.061860,   14.420000,  16.131138, 35.520000, 22.987162,      99.660000,      4.796290,     32.425000,    22.804262
   217,      21.990000,     19.929624,   11.710000,  14.061860,   14.420000,  16.131138, 35.340000, 23.037456,      99.660000,      4.796290,     32.425000,    22.804262
   218,      21.710000,     19.393708,   11.710000,  14.061860,   14.420000,  16.131138, 35.410000, 23.008518,      99.660000,      4.796290,     32.425000,    22.804262
   219,      21.620000,     19.384416,   11.710000,  14.061860,   14.420000,  16.131138, 35.410000, 23.008518,      99.660000,      4.796290,     30.150000,    22.546341
   220,      21.685000,     19.399633,   11.710000,  14.061860,   14.420000,  16.131138, 35.410000, 23.008518,      99.660000,      4.796290,     30.150000,    22.546341
   221,      21.045000,     18.788373,   11.710000,  14.061860,   14.420000,  16.131138, 35.230000, 23.057908,      99.235000,      7.658967,     30.150000,    22.546341
   222,      21.500000,     19.020515,   11.710000,  14.061860,   14.420000,  16.131138, 35.230000, 23.057908,      99.235000,      7.658967,     28.445000,    21.534785
   223,      20.745000,     18.468080,   11.710000,  14.061860,   14.420000,  16.131138, 35.120000, 22.823795,      99.235000,      7.658967,     28.445000,    21.534785
   224,      21.275000,     18.698379,   11.710000,  14.061860,   14.420000,  16.131138, 35.120000, 22.823795,      99.235000,      7.658967,     28.445000,    21.534785
   225,      21.165000,     18.812968,   11.710000,  14.061860,   14.420000,  16.131138, 35.065000, 22.752819,      99.235000,      7.658967,     30.725000,    20.499253
   226,      20.850000,     18.724516,   11.710000,  14.061860,   14.420000,  16.131138, 35.065000, 22.752819,      99.235000,      7.658967,     30.725000,    20.499253
   227,      21.050000,     18.797540,   11.710000,  14.061860,   14.420000,  16.131138, 34.775000, 22.764542,      99.235000,      7.658967,     30.725000,    20.499253
   228,      20.720000,     18.541618,   11.710000,  14.061860,   14.420000,  16.131138, 35.075000, 22.844460,      99.235000,      7.658967,     22.975000,    17.083746
   229,      20.325000,     18.426052,   11.710000,  14.061860,   14.420000,  16.131138, 35.075000, 22.844460,      99.235000,      7.658967,     22.975000,    17.083746
   230,      20.500000,     18.434207,   11.710000,  14.061860,   14.420000,  16.131138, 35.075000, 22.844460,      98.760000,     10.140631,     22.975000,    17.083746
   231,      21.130000,     18.772403,   11.710000,  14.061860,   14.420000,  16.131138, 34.700000, 22.453508,      98.760000,     10.140631,     24.560000,    18.870517
   232,      20.955000,     19.069163,   11.710000,  14.061860,   14.420000,  16.131138, 34.700000, 22.453508,      98.760000,     10.140631,     24.560000,    18.870517
   233,      20.525000,     18.760047,   11.710000,  14.061860,   14.420000,  16.131138, 34.990000, 22.442591,      98.760000,     10.140631,     24.560000,    18.870517
   234,      21.270000,     18.772776,   11.710000,  14.061860,   14.420000,  16.131138, 34.690000, 22.360096,      98.760000,     10.140631,     24.180000,    19.023606
   235,      20.925000,     18.778428,   11.710000,  14.061860,   14.420000,  16.131138, 34.795000, 22.283693,      98.760000,     10.140631,     24.180000,    19.023606
   236,      20.680000,     19.128973,   11.710000,  14.061860,   14.420000,  16.131138, 34.640000, 22.243435,      98.760000,     10.140631,     24.180000,    19.023606
   237,      19.625000,     18.442461,   11.710000,  14.061860,   14.420000,  16.131138, 34.355000, 22.166393,      98.760000,     10.140631,     26.435000,    18.611711
   238,      19.270000,     18.365650,   11.710000,  14.061860,   14.420000,  16.131138, 34.265000, 22.143278,      98.385000,     11.396788,     26.435000,    18.611711
   239,      19.630000,     18.535455,   11.710000,  14.061860,   14.420000,  16.131138, 34.265000, 22.143278,      98.385000,     11.396788,     26.435000,    18.611711
   240,      19.190000,     17.976482,   11.710000,  14.061860,   14.420000,  16.131138, 34.265000, 22.143278,      98.385000,     11.396788,     24.820000,    19.493784
   241,      19.355000,     17.723120,   11.710000,  14.061860,   14.420000,  16.131138, 34.265000, 22.143278,      98.200000,     11.666190,     24.820000,    19.493784
   242,      19.410000,     17.917921,   11.710000,  14.061860,   14.420000,  16.131138, 34.290000, 22.162714,      98.200000,     11.666190,     24.820000,    19.493784
   243,      18.635000,     17.629571,   11.710000,  14.061860,   14.420000,  16.131138, 34.290000, 22.162714,      97.290000,     14.661715,     24.995000,    19.877248
   244,      18.490000,     17.719196,   11.710000,  14.061860,   14.420000,  16.131138, 34.265000, 22.141020,      97.290000,     14.661715,     24.995000,    19.877248
   245,      18.260000,     17.173014,   11.710000,  14.061860,   14.420000,  16.131138, 33.930000, 22.080876,      97.290000,     14.661715,     24.995000,    19.877248
   246,      18.800000,     17.074835,   11.710000,  14.061860,   14.420000,  16.131138, 33.725000, 22.074632,      96.795000,     16.156824,     27.615000,    19.119801
   247,      18.465000,     16.927752,   11.710000,  14.061860,   14.420000,  16.131138, 33.725000, 22.074632,      96.795000,     16.156824,     27.615000,    19.119801
   248,      18.805000,     17.450128,   11.710000,  14.061860,   14.420000,  16.131138, 33.725000, 22.074632,      96.520000,     16.345935,     27.615000,    19.119801
   249,      18.415000,     17.363547,   11.710000,  14.061860,   14.420000,  16.131138, 33.725000, 22.074632,      96.520000,     16.345935,     25.165000,    19.233507
   250,      17.840000,     16.763484,   11.710000,  14.061860,   14.420000,  16.131138, 33.290000, 21.806098,      96.520000,     16.345935,     25.165000,    19.233507
   251,      17.730000,     17.311473,   11.710000,  14.061860,   14.420000,  16.131138, 32.905000, 21.639454,      96.520000,     16.345935,     25.165000,    19.233507
   252,      17.840000,     17.163753,   11.710000,  14.061860,   14.420000,  16.131138, 32.905000, 21.639454,      96.520000,     16.345935,     24.105000,    18.983255
   253,      16.915000,     16.745381,   11.710000,  14.061860,   14.420000,  16.131138, 32.905000, 21.639454,      96.180000,     16.965483,     24.105000,    18.983255
   254,      16.150000,     16.698129,   11.710000,  14.061860,   14.420000,  16.131138, 33.080000, 21.860778,      96.180000,     16.965483,     24.105000,    18.983255
   255,      15.780000,     16.096633,   11.710000,  14.061860,   14.420000,  16.131138, 32.845000, 21.774090,      96.180000,     16.965483,     25.800000,    18.986311
   256,      16.075000,     16.791944,   11.710000,  14.061860,   14.420000,  16.131138, 32.065000, 21.330747,      95.435000,     18.409394,     25.800000,    18.986311
   257,      16.145000,     16.591684,   11.710000,  14.061860,   14.420000,  16.131138, 32.355000, 21.355069,      95.210000,     18.625947,     25.800000,    18.986311
   258,      15.895000,     16.351268,   11.710000,  14.061860,   14.420000,  16.131138, 32.355000, 21.355069,      94.750000,     19.611922,     24.530000,    19.643042
   259,      16.345000,     16.411763,   11.710000,  14.061860,   14.420000,  16.131138, 32.355000, 21.355069,      93.940000,     21.078814,     24.530000,    19.643042
   260,      16.640000,     16.589165,   11.710000,  14.061860,   14.420000,  16.131138, 32.155000, 21.197664,      93.940000,     21.078814,     24.530000,    19.643042
   261,      16.360000,     16.463912,   11.710000,  14.061860,   14.420000,  16.131138, 32.155000, 21.197664,      93.160000,     22.265094,     22.980000,    19.148097
   262,      16.220000,     16.562053,   11.710000,  14.061860,   14.420000,  16.131138, 31.865000, 21.170422,      93.160000,     22.265094,     22.980000,    19.148097
   263,      15.640000,     16.630707,   11.710000,  14.061860,   14.420000,  16.131138, 31.815000, 21.099070,      92.945000,     22.405177,     22.980000,    19.148097
   264,      15.695000,     16.644278,   11.710000,  14.061860,   14.420000,  16.131138, 31.815000, 21.099070,      91.770000,     23.839193,     19.010000,    16.885494
   265,      15.600000,     16.807439,   11.710000,  14.061860,   14.420000,  16.131138, 31.690000, 20.892197,      90.830000,     25.305160,     19.010000,    16.885494
   266,      15.965000,     16.661746,   11.710000,  14.061860,   14.420000,  16.131138, 31.690000, 20.892197,      90.830000,     25.305160,     19.010000,    16.885494
   267,      15.015000,     15.510151,   11.710000,  14.061860,   14.420000,  16.131138, 31.690000, 20.892197,      90.515000,     25.579675,     20.570000,    17.168142
   268,      14.580000,     15.540386,   11.710000,  14.061860,   14.420000,  16.131138, 31.650000, 20.895394,      90.515000,     25.579675,     20.570000,    17.168142
   269,      14.380000,     15.023169,   11.710000,  14.061860,   14.420000,  16.131138, 31.650000, 20.895394,      90.375000,     25.603991,     20.570000,    17.168142
   270,      14.130000,     15.221140,   11.710000,  14.061860,   14.420000,  16.131138, 31.650000, 20.895394,      89.415000,     26.473624,     19.690000,    16.546719
   271,      14.305000,     15.555770,   11.710000,  14.061860,   14.420000,  16.131138, 31.650000, 20.895394,      88.970000,     27.034036,     19.690000,    16.546719
   272,      14.400000,     15.926393,   11.710000,  14.061860,   14.420000,  16.131138, 31.940000, 20.925974,      88.970000,     27.034036,     19.690000,    16.546719
   273,      13.690000,     14.942353,   11.710000,  14.061860,   14.420000,  16.131138, 31.940000, 20.925974,      88.640000,     27.298908,     20.860000,    18.379075
   274,      13.385000,     14.765391,   11.710000,  14.061860,   14.420000,  16.131138, 32.065000, 21.131038,      87.745000,     28.374284,     20.860000,    18.379075
   275,      13.630000,     14.703506,   11.710000,  14.061860,   14.420000,  16.131138, 31.410000, 20.862452,      87.465000,     28.527860,     20.860000,    18.379075
   276,      13.225000,     14.532872,   11.710000,  14.061860,   14.420000,  16.131138, 31.240000, 20.856951,      87.155000,     28.726137,     20.025000,    16.583256
   277,      13.000000,     14.904697,   11.710000,  14.061860,   14.420000,  16.131138, 31.240000, 20.856951,      85.915000,     29.949253,     20.025000,    16.583256
   278,      13.385000,     14.916661,   11.710000,  14.061860,   14.420000,  16.131138, 31.115000, 20.644170,      85.915000,     29.949253,     20.025000,    16.583256
   279,      13.850000,     15.555626,   11.710000,  14.061860,   14.420000,  16.131138, 31.115000, 20.644170,      85.915000,     29.949253,     17.600000,    15.448301
   280,      13.520000,     14.549900,   11.710000,  14.061860,   14.420000,  16.131138, 31.115000, 20.644170,      85.325000,     30.311704,     17.600000,    15.448301
   281,      12.405000,     14.975346,   11.710000,  14.061860,   14.420000,  16.131138, 31.115000, 20.644170,      85.325000,     30.311704,     17.600000,    15.448301
   282,      12.490000,     14.364884,   11.710000,  14.061860,   14.420000,  16.131138, 30.920000, 20.535423,      85.325000,     30.311704,     15.980000,    15.334262
   283,      11.055000,     13.189465,   11.710000,  14.061860,   14.420000,  16.131138, 30.640000, 20.395598,      84.900000,     30.534079,     15.980000,    15.334262
   284,      11.760000,     14.638388,   11.710000,  14.061860,   14.420000,  16.131138, 30.640000, 20.395598,      84.900000,     30.534079,     15.980000,    15.334262
   285,      10.465000,     13.411889,   11.710000,  14.061860,   14.420000,  16.131138, 30.640000, 20.395598,      84.900000,     30.534079,     15.660000,    16.322512
   286,      11.220000,     14.247863,   11.710000,  14.061860,   14.420000,  16.131138, 30.640000, 20.395598,      84.445000,     30.980429,     15.660000,    16.322512
   287,      10.105000,     13.212266,   11.710000,  14.061860,   14.420000,  16.131138, 30.765000, 20.613825,      84.445000,     30.980429,     15.660000,    16.322512
   288,       9.565000,     13.046294,   11.710000,  14.061860,   14.420000,  16.131138, 30.765000, 20.613825,      83.970000,     31.462821,     14.620000,    14.403666
   289,       8.870000,     12.265932,   11.710000,  14.061860,   14.420000,  16.131138, 30.765000, 20.613825,      83.495000,     31.930862,     14.620000,    14.403666
   290,       9.225000,     12.644539,   11.710000,  14.061860,   14.420000,  16.131138, 30.765000, 20.613825,      83.065000,     32.282825,     14.620000,    14.403666
   291,       8.050000,     11.332145,   11.710000,  14.061860,   14.420000,  16.131138, 30.635000, 20.580374,      82.770000,     32.272699,     10.525000,    12.886403
   292,       7.040000,     10.467015,   11.710000,  14.061860,   14.420000,  16.131138, 30.635000, 20.580374,      82.390000,     32.514118,     10.525000,    12.886403
   293,       7.070000,     10.828439,   11.710000,  14.061860,   14.420000,  16.131138, 30.635000, 20.580374,      81.855000,     32.659822,     10.525000,    12.886403
   294,       7.320000,     11.424430,   11.710000,  14.061860,   14.420000,  16.131138, 30.635000, 20.580374,      81.855000,     32.659822,     16.305000,    17.073429
   295,       6.585000,      9.677436,   11.710000,  14.061860,   14.420000,  16.131138, 30.635000, 20.580374,      81.855000,     32.659822,     16.305000,    17.073429
   296,       5.865000,      8.692340,   11.710000,  14.061860,   14.420000,  16.131138, 30.510000, 20.360990,      81.005000,     33.279197,     16.305000,    17.073429
   297,       6.460000,     10.776753,   11.710000,  14.061860,   14.420000,  16.131138, 30.510000, 20.360990,      80.710000,     33.370884,      6.500000,    11.473883
   298,       5.775000,      9.653205,   11.710000,  14.061860,   14.420000,  16.131138, 30.510000, 20.360990,      80.155000,     33.787882,      6.500000,    11.473883
   299,       5.185000,      8.490629,   11.710000,  14.061860,   14.420000,  16.131138, 30.510000, 20.360990,      79.490000,     34.044528,      6.500000,    11.473883
   300,       5.315000,      8.669820,   11.710000,  14.061860,   14.420000,  16.131138, 30.510000, 20.360990,      78.555000,     34.749489,      6.500000,    11.473883
   301,       5.530000,      9.395164,   11.710000,  14.061860,   14.420000,  16.131138, 30.510000, 20.360990,      77.410000,     35.061830,      6.575000,    11.611820
   302,       5.630000,      8.875421,   11.710000,  14.061860,   14.420000,  16.131138, 30.675000, 20.579100,      76.915000,     35.436249,      6.575000,    11.611820
   303,       4.995000,      8.643782,   11.710000,  14.061860,   14.420000,  16.131138, 30.305000, 20.177759,      75.685000,     35.863293,      6.425000,    11.457503
   304,       5.025000,      8.327327,   11.710000,  14.061860,   14.420000,  16.131138, 30.305000, 20.177759,      74.665000,     36.342850,      6.425000,    11.457503
   305,       5.015000,      8.813329,   11.710000,  14.061860,   14.420000,  16.131138, 30.305000, 20.177759,      74.170000,     36.667167,      6.220000,    10.533831
   306,       5.170000,      9.371291,   11.710000,  14.061860,   14.420000,  16.131138, 30.305000, 20.177759,      73.735000,     36.873633,      6.220000,    10.533831
   307,       5.135000,      9.186227,   11.710000,  14.061860,   14.420000,  16.131138, 30.305000, 20.177759,      72.745000,     37.143640,      6.195000,    10.481268
   308,       4.905000,      8.710108,   11.710000,  14.061860,   14.420000,  16.131138, 30.305000, 20.177759,      72.310000,     37.082259,      6.195000,    10.481268
   309,       5.535000,      9.677230,   11.710000,  14.061860,   14.420000,  16.131138, 30.305000, 20.177759,      71.670000,     37.181327,      6.205000,    10.477260
   310,       5.160000,      9.354913,   11.710000,  14.061860,   14.420000,  16.131138, 30.320000, 20.194247,      71.380000,     37.185422,      6.205000,    10.477260
   311,       5.165000,      9.186282,   11.710000,  14.061860,   14.420000,  16.131138, 30.280000, 20.194841,      70.165000,     37.604757,      6.145000,    10.114048
   312,       5.455000,      9.740019,   11.710000,  14.061860,   14.420000,  16.131138, 30.155000, 20.254900,      69.815000,     37.651172,      6.145000,    10.114048
   313,       5.070000,      9.019152,   11.710000,  14.061860,   14.420000,  16.131138, 30.195000, 20.254554,      68.960000,     37.616066,      6.485000,    11.061635
   314,       4.860000,      8.974430,   11.710000,  14.061860,   14.420000,  16.131138, 30.195000, 20.254554,      68.805000,     37.551657,      6.485000,    11.061635
   315,       4.685000,      8.685953,   11.710000,  14.061860,   14.420000,  16.131138, 30.195000, 20.254554,      68.400000,     37.452103,      6.485000,    11.061635
   316,       4.820000,      8.909411,   11.710000,  14.061860,   14.420000,  16.131138, 30.195000, 20.254554,      67.440000,     37.608728,      6.485000,    11.061635
   317,       4.760000,      8.665010,   11.710000,  14.061860,   14.420000,  16.131138, 30.195000, 20.254554,      67.440000,     37.608728,      6.395000,    10.901329
   318,       4.340000,      8.120000,   11.710000,  14.061860,   14.420000,  16.131138, 30.000000, 19.959709,      67.035000,     37.535367,      6.395000,    10.901329
   319,       4.420000,      8.048826,   11.710000,  14.061860,   14.420000,  16.131138, 30.000000, 19.959709,      66.625000,     37.620797,      6.145000,    10.342822
   320,       4.845000,      8.987267,   11.710000,  14.061860,   14.420000,  16.131138, 29.965000, 19.979834,      65.900000,     37.669484,      6.145000,    10.342822
   321,       4.795000,      8.659271,   11.710000,  14.061860,   14.420000,  16.131138, 29.965000, 19.979834,      65.900000,     37.669484,      6.140000,    10.331525
   322,       4.310000,      7.925522,   11.710000,  14.061860,   14.420000,  16.131138, 29.965000, 19.979834,      65.405000,     37.868073,      6.140000,    10.331525
   323,       4.175000,      7.314668,   11.710000,  14.061860,   14.420000,  16.131138, 29.925000, 19.979724,      64.820000,     37.798381,      6.115000,    10.305425
   324,       4.275000,      7.763335,   11.710000,  14.061860,   14.420000,  16.131138, 29.925000, 19.979724,      64.430000,     37.835765,      6.115000,    10.305425
   325,       4.235000,      7.631499,   11.710000,  14.061860,   14.420000,  16.131138, 29.925000, 19.979724,      63.200000,     38.026044,      5.990000,    10.141987
   326,       4.240000,      7.594893,   11.710000,  14.061860,   14.420000,  16.131138, 29.925000, 19.979724,      62.340000,     38.156446,      5.990000,    10.141987
   327,       3.895000,      6.882875,   11.710000,  14.061860,   14.420000,  16.131138, 29.925000, 19.979724,      61.670000,     38.159417,      6.105000,    10.295338
   328,       4.055000,      7.512787,   11.710000,  14.061860,   14.420000,  16.131138, 29.925000, 19.979724,      61.670000,     38.159417,      6.105000,    10.295338
   329,       3.765000,      7.197901,   11.710000,  14.061860,   14.420000,  16.131138, 29.925000, 19.979724,      60.780000,     38.293885,      6.135000,    10.332801
   330,       3.835000,      7.226879,   11.710000,  14.061860,   14.420000,  16.131138, 29.925000, 19.979724,      60.780000,     38.293885,      6.135000,    10.332801
   331,       4.025000,      7.623934,   11.710000,  14.061860,   14.420000,  16.131138, 29.925000, 19.979724,      60.320000,     38.372485,      6.165000,    10.355567
   332,       4.240000,      7.889385,   11.710000,  14.061860,   14.420000,  16.131138, 29.960000, 19.959669,      59.925000,     38.368599,      6.165000,    10.355567
   333,       4.360000,      8.119754,   11.710000,  14.061860,   14.420000,  16.131138, 29.960000, 19.959669,      59.565000,     38.328655,      6.080000,     9.947542
   334,       4.335000,      8.080394,   11.710000,  14.061860,   14.420000,  16.131138, 29.960000, 19.959669,      59.020000,     38.142360,      6.080000,     9.947542
   335,       4.050000,      7.402533,   11.710000,  14.061860,   14.420000,  16.131138, 29.960000, 19.959669,      58.585000,     37.929445,      6.170000,    10.354279
   336,       4.055000,      7.811656,   11.710000,  14.061860,   14.420000,  16.131138, 29.960000, 19.959669,      58.585000,     37.929445,      6.170000,    10.354279
   337,       4.030000,      7.377608,   11.710000,  14.061860,   14.420000,  16.131138, 29.960000, 19.959669,      56.790000,     37.916697,      6.230000,    10.469341
   338,       3.870000,      7.087531,   11.710000,  14.061860,   14.420000,  16.131138, 29.960000, 19.959669,      56.645000,     37.806467,      6.230000,    10.469341
   339,       3.875000,      7.037000,   11.710000,  14.061860,   14.420000,  16.131138, 29.960000, 19.959669,      56.175000,     37.848836,      6.140000,    10.067790
   340,       3.625000,      6.623773,   11.710000,  14.061860,   14.420000,  16.131138, 29.960000, 19.959669,      56.175000,     37.848836,      6.140000,    10.067790
   341,       3.540000,      6.568744,   11.710000,  14.061860,   14.420000,  16.131138, 29.815000, 19.818698,      55.690000,     37.661305,      6.140000,    10.067790
   342,       3.450000,      6.279132,   11.710000,  14.061860,   14.420000,  16.131138, 29.815000, 19.818698,      55.360000,     37.560623,      6.140000,    10.067790
   343,       3.645000,      6.698431,   11.710000,  14.061860,   14.420000,  16.131138, 29.815000, 19.818698,      54.865000,     37.621361,      6.040000,     9.837601
   344,       3.555000,      6.388034,   11.710000,  14.061860,   14.420000,  16.131138, 29.815000, 19.818698,      53.930000,     37.653886,      6.040000,     9.837601
   345,       3.500000,      6.279331,   11.710000,  14.061860,   14.420000,  16.131138, 29.815000, 19.818698,      53.930000,     37.653886,      6.130000,    10.249054
   346,       3.525000,      6.266528,   11.710000,  14.061860,   14.420000,  16.131138, 29.815000, 19.818698,      53.595000,     37.540391,      6.130000,    10.249054
   347,       3.640000,      6.464549,   11.710000,  14.061860,   14.420000,  16.131138, 29.830000, 19.798765,      53.595000,     37.540391,      6.130000,    10.249054
   348,       3.530000,      6.267304,   11.710000,  14.061860,   14.420000,  16.131138, 29.830000, 19.798765,      52.815000,     37.388912,      6.130000,    10.249054
   349,       3.430000,      6.058473,   11.710000,  14.061860,   14.420000,  16.131138, 29.830000, 19.798765,      52.815000,     37.388912,      5.815000,     9.865129
   350,       3.440000,      6.228676,   11.710000,  14.061860,   14.420000,  16.131138, 29.830000, 19.798765,      52.585000,     37.239130,      5.815000,     9.865129
   351,       3.470000,      6.619600,   11.710000,  14.061860,   14.420000,  16.131138, 29.830000, 19.798765,      51.870000,     37.048928,      6.080000,    10.335550
   352,       3.505000,      6.366316,   11.710000,  14.061860,   14.420000,  16.131138, 29.830000, 19.798765,      51.870000,     37.048928,      6.080000,    10.335550
   353,       3.275000,      5.760154,   11.710000,  14.061860,   14.420000,  16.131138, 29.830000, 19.798765,      51.870000,     37.048928,      5.930000,    10.130405
   354,       3.380000,      5.924998,   11.710000,  14.061860,   14.420000,  16.131138, 29.830000, 19.798765,      50.895000,     36.756958,      5.930000,    10.130405
   355,       3.570000,      6.522661,   11.710000,  14.061860,   14.420000,  16.131138, 29.295000, 19.746847,      50.895000,     36.756958,      5.830000,     9.899550
   356,       3.505000,      6.058050,   11.710000,  14.061860,   14.420000,  16.131138, 29.010000, 19.741831,      50.895000,     36.756958,      5.830000,     9.899550
   357,       3.300000,      5.825805,   11.710000,  14.061860,   14.420000,  16.131138, 29.010000, 19.741831,      50.645000,     36.591788,      5.830000,     9.899550
   358,       3.250000,      5.675165,   11.710000,  14.061860,   14.420000,  16.131138, 29.010000, 19.741831,      50.315000,     36.442500,      5.830000,     9.899550
   359,       3.175000,      5.504941,   11.710000,  14.061860,   14.420000,  16.131138, 29.010000, 19.741831,      49.960000,     36.302319,      5.975000,    10.099226
   360,       3.120000,      5.478649,   11.710000,  14.061860,   14.420000,  16.131138, 28.755000, 19.617211,      49.710000,     36.128602,      5.975000,    10.099226
   361,       3.225000,      5.606637,   11.710000,  14.061860,   14.420000,  16.131138, 28.755000, 19.617211,      48.995000,     35.527806,      5.965000,    10.077389
   362,       3.180000,      5.509773,   11.710000,  14.061860,   14.420000,  16.131138, 28.755000, 19.617211,      48.995000,     35.527806,      5.965000,    10.077389
   363,       2.970000,      5.113619,   11.710000,  14.061860,   14.420000,  16.131138, 28.755000, 19.617211,      48.995000,     35.527806,      5.730000,     9.446539
   364,       2.905000,      5.120154,   11.710000,  14.061860,   14.420000,  16.131138, 28.755000, 19.617211,      48.290000,     35.035923,      5.730000,     9.446539
   365,       2.860000,      5.052762,   11.710000,  14.061860,   14.420000,  16.131138, 28.555000, 19.449858,      47.425000,     34.828643,      5.730000,     9.446539
   366,       2.865000,      5.170762,   11.710000,  14.061860,   14.420000,  16.131138, 28.370000, 19.267929,      47.375000,     34.760241,      5.730000,     9.446539
   367,       2.835000,      5.049532,   11.710000,  14.061860,   14.420000,  16.131138, 28.370000, 19.267929,      46.215000,     34.410300,      5.725000,     9.433948
   368,       2.905000,      5.038450,   11.710000,  14.061860,   14.420000,  16.131138, 28.370000, 19.267929,      45.995000,     34.205774,      5.725000,     9.433948
   369,       2.795000,      4.947017,   11.710000,  14.061860,   14.420000,  16.131138, 28.395000, 19.317323,      45.550000,     34.078989,      5.845000,     9.600572
   370,       2.840000,      4.974374,   11.710000,  14.061860,   14.420000,  16.131138, 28.395000, 19.317323,      45.210000,     33.872642,      5.845000,     9.600572
   371,       2.905000,      5.098625,   11.710000,  14.061860,   14.420000,  16.131138, 28.395000, 19.317323,      44.925000,     33.649508,      5.850000,     9.612882
   372,       2.850000,      4.885438,   11.710000,  14.061860,   14.420000,  16.131138, 28.395000, 19.317323,      44.925000,     33.649508,      5.850000,     9.612882
   373,       2.845000,      4.884770,   11.710000,  14.061860,   14.420000,  16.131138, 28.310000, 19.378181,      44.725000,     33.439787,      5.850000,     9.612882
   374,       2.945000,      5.087433,   11.710000,  14.061860,   14.420000,  16.131138, 28.040000, 19.198656,      44.725000,     33.439787,      5.850000,     9.612882
   375,       2.810000,      4.893250,   11.710000,  14.061860,   14.420000,  16.131138, 28.040000, 19.198656,      44.725000,     33.439787,      5.875000,     9.614540
   376,       2.960000,      5.309275,   11.710000,  14.061860,   14.420000,  16.131138, 28.040000, 19.198656,      44.725000,     33.439787,      5.875000,     9.614540
   377,       2.825000,      4.972361,   11.710000,  14.061860,   14.420000,  16.131138, 27.840000, 19.185005,      44.230000,     33.350519,      5.850000,     9.612882
   378,       2.945000,      5.173198,   11.710000,  14.061860,   14.420000,  16.131138, 27.745000, 18.992366,      44.230000,     33.350519,      5.850000,     9.612882
   379,       2.975000,      5.322065,   11.710000,  14.061860,   14.420000,  16.131138, 28.015000, 19.177976,      44.105000,     33.187708,      5.850000,     9.612882
   380,       3.165000,      6.195787,   11.710000,  14.061860,   14.420000,  16.131138, 28.015000, 19.177976,      43.625000,     33.069841,      5.850000,     9.612882
   381,       3.080000,      6.041821,   11.710000,  14.061860,   14.420000,  16.131138, 28.015000, 19.177976,      43.370000,     32.829912,      5.950000,     9.850254
   382,       2.990000,      5.896601,   11.710000,  14.061860,   14.420000,  16.131138, 27.840000, 18.948995,      43.370000,     32.829912,      5.950000,     9.850254
   383,       2.905000,      5.092737,   11.710000,  14.061860,   14.420000,  16.131138, 27.840000, 18.948995,      43.370000,     32.829912,      5.850000,     9.612882
   384,       2.760000,      4.809615,   11.710000,  14.061860,   14.420000,  16.131138, 27.840000, 18.948995,      42.520000,     32.458429,      5.850000,     9.612882
   385,       2.850000,      5.171799,   11.710000,  14.061860,   14.420000,  16.131138, 27.570000, 18.758601,      42.520000,     32.458429,      5.850000,     9.612882
   386,       2.840000,      5.132680,   11.710000,  14.061860,   14.420000,  16.131138, 27.570000, 18.758601,      42.315000,     32.223373,      5.850000,     9.612882
   387,       2.905000,      5.190951,   11.710000,  14.061860,   14.420000,  16.131138, 27.570000, 18.758601,      42.040000,     31.963548,      5.850000,     9.612882
   388,       2.795000,      4.996296,   11.710000,  14.061860,   14.420000,  16.131138, 27.570000, 18.758601,      41.565000,     31.804179,      5.850000,     9.612882
   389,       2.760000,      5.126636,   11.710000,  14.061860,   14.420000,  16.131138, 27.570000, 18.758601,      41.565000,     31.804179,      5.850000,     9.612882
   390,       2.820000,      5.290331,   11.710000,  14.061860,   14.420000,  16.131138, 27.420000, 18.569696,      41.295000,     31.535028,      5.850000,     9.612882
   391,       3.095000,      6.257474,   11.710000,  14.061860,   14.420000,  16.131138, 27.420000, 18.569696,      40.900000,     31.291053,      5.850000,     9.612882
   392,       3.085000,      6.257617,   11.710000,  14.061860,   14.420000,  16.131138, 27.420000, 18.569696,      39.980000,     30.897728,      5.850000,     9.612882
   393,       2.815000,      4.991070,   11.710000,  14.061860,   14.420000,  16.131138, 27.335000, 18.605719,      39.980000,     30.897728,      5.850000,     9.612882
   394,       2.865000,      4.924101,   11.710000,  14.061860,   14.420000,  16.131138, 27.335000, 18.605719,      39.980000,     30.897728,      5.850000,     9.612882
   395,       2.720000,      4.918496,   11.710000,  14.061860,   14.420000,  16.131138, 27.335000, 18.605719,      39.980000,     30.897728,      5.850000,     9.612882
   396,       2.930000,      5.796128,   11.710000,  14.061860,   14.420000,  16.131138, 27.335000, 18.605719,      39.980000,     30.897728,      5.850000,     9.612882
   397,       3.010000,      5.875364,   11.710000,  14.061860,   14.420000,  16.131138, 27.335000, 18.605719,      39.660000,     30.604483,      5.850000,     9.612882
   398,       2.905000,      5.683835,   11.710000,  14.061860,   14.420000,  16.131138, 27.335000, 18.605719,      38.745000,     30.151616,      5.850000,     9.612882
   399,       2.880000,      5.821134,   11.710000,  14.061860,   14.420000,  16.131138, 27.335000, 18.605719,      38.745000,     30.151616,      5.850000,     9.612882
   400,       3.015000,      6.069990,   11.710000,  14.061860,   14.420000,  16.131138, 27.335000, 18.605719,      38.745000,     30.151616,      5.850000,     9.612882
   401,       2.930000,      5.920735,   11.710000,  14.061860,   14.420000,  16.131138, 27.335000, 18.605719,      38.270000,     29.930371,      5.850000,     9.612882
   402,       2.885000,      5.826815,   11.710000,  14.061860,   14.420000,  16.131138, 27.130000, 18.668773,      38.270000,     29.930371,      5.850000,     9.612882
   403,       2.940000,      6.174658,   11.710000,  14.061860,   14.420000,  16.131138, 26.905000, 18.542006,      38.270000,     29.930371,      5.850000,     9.612882
   404,       2.715000,      5.475744,   11.710000,  14.061860,   14.420000,  16.131138, 26.905000, 18.542006,      38.270000,     29.930371,      5.850000,     9.612882
   405,       2.785000,      5.667343,   11.710000,  14.061860,   14.420000,  16.131138, 26.905000, 18.542006,      38.270000,     29.930371,      5.850000,     9.612882
   406,       3.000000,      6.053098,   11.710000,  14.061860,   14.420000,  16.131138, 26.840000, 18.416688,      38.270000,     29.930371,      5.850000,     9.612882
   407,       2.910000,      5.901856,   11.710000,  14.061860,   14.420000,  16.131138, 26.840000, 18.416688,      38.270000,     29.930371,      5.850000,     9.612882
   408,       2.955000,      5.875625,   11.710000,  14.061860,   14.420000,  16.131138, 26.840000, 18.416688,      37.865000,     29.638940,      5.850000,     9.612882
   409,       2.855000,      5.718739,   11.710000,  14.061860,   14.420000,  16.131138, 26.840000, 18.416688,      37.865000,     29.638940,      5.850000,     9.612882
   410,       2.855000,      5.718739,   11.710000,  14.061860,   14.420000,  16.131138, 26.840000, 18.416688,      37.370000,     29.423003,      5.850000,     9.612882
   411,       2.840000,      5.711777,   11.710000,  14.061860,   14.420000,  16.131138, 26.840000, 18.416688,      37.370000,     29.423003,      5.850000,     9.612882
   412,       2.830000,      5.825899,   11.710000,  14.061860,   14.420000,  16.131138, 26.840000, 18.416688,      37.370000,     29.423003,      5.850000,     9.612882
   413,       2.780000,      5.667592,   11.710000,  14.061860,   14.420000,  16.131138, 26.840000, 18.416688,      37.370000,     29.423003,      5.850000,     9.612882
   414,       2.820000,      5.769541,   11.710000,  14.061860,   14.420000,  16.131138, 26.840000, 18.416688,      36.905000,     29.163264,      5.850000,     9.612882
   415,       2.905000,      5.840032,   11.710000,  14.061860,   14.420000,  16.131138, 26.840000, 18.416688,      36.225000,     28.493936,      5.820000,     9.571708
   416,       2.890000,      5.833344,   11.710000,  14.061860,   14.420000,  16.131138, 26.840000, 18.416688,      36.225000,     28.493936,      5.820000,     9.571708
   417,       2.980000,      6.040662,   11.710000,  14.061860,   14.420000,  16.131138, 26.840000, 18.416688,      36.225000,     28.493936,      5.700000,     9.404254
   418,       2.915000,      5.958840,   11.710000,  14.061860,   14.420000,  16.131138, 26.840000, 18.416688,      36.225000,     28.493936,      5.700000,     9.404254
   419,       2.845000,      5.741165,   11.710000,  14.061860,   14.420000,  16.131138, 26.625000, 18.199845,      35.750000,     28.217326,      5.700000,     9.404254
   420,       2.995000,      6.115961,   11.710000,  14.061860,   14.420000,  16.131138, 26.625000, 18.199845,      35.750000,     28.217326,      5.700000,     9.404254
   421,       2.915000,      5.922649,   11.710000,  14.061860,   14.420000,  16.131138, 26.340000, 17.867692,      35.750000,     28.217326,      5.700000,     9.404254
   422,       2.905000,      5.900506,   11.710000,  14.061860,   14.420000,  16.131138, 26.340000, 17.867692,      35.580000,     27.930693,      5.700000,     9.404254
   423,       2.995000,      6.099588,   11.710000,  14.061860,   14.420000,  16.131138, 26.340000, 17.867692,      35.580000,     27.930693,      5.740000,     9.498547
   424,       2.915000,      5.870075,   11.710000,  14.061860,   14.420000,  16.131138, 26.340000, 17.867692,      35.220000,     27.559601,      5.740000,     9.498547
   425,       2.810000,      5.782205,   11.710000,  14.061860,   14.420000,  16.131138, 26.255000, 17.771325,      34.725000,     27.279285,      5.750000,     9.521948
   426,       2.795000,      5.678290,   11.710000,  14.061860,   14.420000,  16.131138, 26.140000, 17.762894,      34.725000,     27.279285,      5.750000,     9.521948
   427,       2.865000,      5.802308,   11.710000,  14.061860,   14.420000,  16.131138, 26.140000, 17.762894,      34.725000,     27.279285,      5.740000,     9.498547
   428,       3.080000,      6.201097,   11.710000,  14.061860,   14.420000,  16.131138, 26.140000, 17.762894,      34.725000,     27.279285,      5.740000,     9.498547
   429,       2.940000,      6.022159,   11.710000,  14.061860,   14.420000,  16.131138, 26.200000, 17.870087,      34.725000,     27.279285,      5.700000,     9.404254
   430,       2.765000,      5.662135,   11.710000,  14.061860,   14.420000,  16.131138, 26.210000, 17.734596,      34.725000,     27.279285,      5.700000,     9.404254
   431,       2.870000,      5.844065,   11.710000,  14.061860,   14.420000,  16.131138, 26.210000, 17.734596,      34.725000,     27.279285,      5.700000,     9.404254
   432,       2.765000,      5.662135,   11.710000,  14.061860,   14.420000,  16.131138, 26.210000, 17.734596,      34.725000,     27.279285,      5.700000,     9.404254
   433,       2.825000,      5.800377,   11.710000,  14.061860,   14.420000,  16.131138, 26.210000, 17.734596,      34.725000,     27.279285,      5.700000,     9.404254
   434,       2.790000,      5.745076,   11.710000,  14.061860,   14.420000,  16.131138, 25.950000, 17.663734,      34.725000,     27.279285,      5.700000,     9.404254
   435,       2.765000,      5.725362,   11.710000,  14.061860,   14.420000,  16.131138, 25.950000, 17.663734,      34.725000,     27.279285,      5.730000,     9.446539
   436,       2.765000,      5.725362,   11.710000,  14.061860,   14.420000,  16.131138, 25.950000, 17.663734,      34.440000,     26.890824,      5.730000,     9.446539
   437,       2.875000,      5.954777,   11.710000,  14.061860,   14.420000,  16.131138, 25.835000, 17.601073,      34.440000,     26.890824,      5.700000,     9.404254
   438,       2.625000,      4.780625,   11.710000,  14.061860,   14.420000,  16.131138, 25.810000, 17.945582,      34.440000,     26.890824,      5.700000,     9.404254
   439,       2.730000,      4.923119,   11.710000,  14.061860,   14.420000,  16.131138, 25.810000, 17.945582,      34.440000,     26.890824,      5.730000,     9.446539
   440,       2.660000,      4.847102,   11.710000,  14.061860,   14.420000,  16.131138, 25.810000, 17.945582,      33.625000,     26.119234,      5.730000,     9.446539
   441,       2.600000,      4.754997,   11.710000,  14.061860,   14.420000,  16.131138, 25.470000, 17.555600,      33.625000,     26.119234,      5.730000,     9.446539
   442,       2.775000,      5.466660,   11.710000,  14.061860,   14.420000,  16.131138, 25.470000, 17.555600,      33.625000,     26.119234,      5.730000,     9.446539
   443,       2.765000,      5.477205,   11.710000,  14.061860,   14.420000,  16.131138, 25.470000, 17.555600,      33.130000,     25.792695,      5.730000,     9.446539
   444,       2.825000,      5.630664,   11.710000,  14.061860,   14.420000,  16.131138, 25.470000, 17.555600,      33.130000,     25.792695,      5.730000,     9.446539
   445,       2.765000,      5.553357,   11.710000,  14.061860,   14.420000,  16.131138, 25.470000, 17.555600,      33.130000,     25.792695,      5.730000,     9.446539
   446,       2.825000,      5.704768,   11.710000,  14.061860,   14.420000,  16.131138, 25.440000, 17.563212,      32.780000,     25.354124,      5.730000,     9.446539
   447,       2.715000,      5.386444,   11.710000,  14.061860,   14.420000,  16.131138, 25.675000, 17.695745,      32.780000,     25.354124,      5.730000,     9.446539
   448,       2.665000,      5.309687,   11.710000,  14.061860,   14.420000,  16.131138, 25.675000, 17.695745,      32.540000,     24.940497,      5.730000,     9.446539
   449,       2.680000,      5.328940,   11.710000,  14.061860,   14.420000,  16.131138, 25.675000, 17.695745,      32.540000,     24.940497,      5.730000,     9.446539
   450,       2.730000,      5.497918,   11.710000,  14.061860,   14.420000,  16.131138, 25.610000, 17.600509,      32.540000,     24.940497,      5.730000,     9.446539
   451,       2.730000,      5.497918,   11.710000,  14.061860,   14.420000,  16.131138, 25.610000, 17.600509,      32.540000,     24.940497,      5.730000,     9.446539
   452,       2.680000,      5.328940,   11.710000,  14.061860,   14.420000,  16.131138, 25.610000, 17.600509,      32.540000,     24.940497,      5.730000,     9.446539
   453,       2.705000,      5.167976,   11.710000,  14.061860,   14.420000,  16.131138, 25.375000, 17.466378,      32.540000,     24.940497,      5.775000,     9.586677
   454,       2.705000,      5.159261,   11.710000,  14.061860,   14.420000,  16.131138, 25.375000, 17.466378,      32.540000,     24.940497,      5.775000,     9.586677
   455,       2.720000,      5.198230,   11.710000,  14.061860,   14.420000,  16.131138, 25.280000, 17.498046,      32.540000,     24.940497,      5.775000,     9.586677
   456,       2.720000,      5.198230,   11.710000,  14.061860,   14.420000,  16.131138, 25.280000, 17.498046,      32.540000,     24.940497,      5.775000,     9.586677
   457,       2.740000,      5.218467,   11.710000,  14.061860,   14.420000,  16.131138, 25.280000, 17.498046,      32.540000,     24.940497,      5.775000,     9.586677
   458,       2.635000,      4.956993,   11.710000,  14.061860,   14.420000,  16.131138, 25.280000, 17.498046,      32.540000,     24.940497,      5.775000,     9.586677
   459,       2.685000,      5.138655,   11.710000,  14.061860,   14.420000,  16.131138, 25.280000, 17.498046,      32.540000,     24.940497,      5.775000,     9.586677
   460,       2.635000,      4.956993,   11.710000,  14.061860,   14.420000,  16.131138, 25.280000, 17.498046,      32.540000,     24.940497,      5.775000,     9.586677
   461,       2.720000,      5.198230,   11.710000,  14.061860,   14.420000,  16.131138, 25.280000, 17.498046,      32.540000,     24.940497,      5.895000,     9.750076
   462,       2.670000,      5.019074,   11.710000,  14.061860,   14.420000,  16.131138, 25.280000, 17.498046,      32.540000,     24.940497,      5.895000,     9.750076
   463,       2.560000,      4.808992,   11.710000,  14.061860,   14.420000,  16.131138, 25.280000, 17.498046,      32.540000,     24.940497,      5.770000,     9.574294
   464,       2.560000,      4.808992,   11.710000,  14.061860,   14.420000,  16.131138, 25.280000, 17.498046,      32.540000,     24.940497,      5.770000,     9.574294
   465,       2.560000,      4.808992,   11.710000,  14.061860,   14.420000,  16.131138, 25.280000, 17.498046,      32.540000,     24.940497,      5.765000,     9.563460
   466,       2.605000,      4.991891,   11.710000,  14.061860,   14.420000,  16.131138, 25.280000, 17.498046,      32.540000,     24.940497,      5.765000,     9.563460
   467,       2.605000,      4.991891,   11.710000,  14.061860,   14.420000,  16.131138, 25.280000, 17.498046,      32.540000,     24.940497,      5.760000,     9.551042
   468,       2.570000,      4.929006,   11.710000,  14.061860,   14.420000,  16.131138, 25.410000, 17.569630,      32.540000,     24.940497,      5.760000,     9.551042
   469,       2.545000,      4.827833,   11.710000,  14.061860,   14.420000,  16.131138, 25.410000, 17.569630,      32.540000,     24.940497,      5.760000,     9.551042
   470,       2.560000,      4.926094,   11.710000,  14.061860,   14.420000,  16.131138, 25.410000, 17.569630,      32.240000,     24.483921,      5.760000,     9.551042
   471,       2.570000,      4.929006,   11.710000,  14.061860,   14.420000,  16.131138, 25.410000, 17.569630,      32.240000,     24.483921,      5.725000,     9.433948
   472,       2.575000,      4.939066,   11.710000,  14.061860,   14.420000,  16.131138, 25.410000, 17.569630,      32.240000,     24.483921,      5.725000,     9.433948
   473,       2.565000,      4.842084,   11.710000,  14.061860,   14.420000,  16.131138, 25.410000, 17.569630,      32.240000,     24.483921,      5.725000,     9.433948
   474,       2.615000,      5.006673,   11.710000,  14.061860,   14.420000,  16.131138, 25.410000, 17.569630,      32.240000,     24.483921,      5.725000,     9.433948
   475,       2.580000,      4.958185,   11.710000,  14.061860,   14.420000,  16.131138, 25.410000, 17.569630,      32.240000,     24.483921,      5.725000,     9.433948
   476,       2.550000,      4.810146,   11.710000,  14.061860,   14.420000,  16.131138, 25.410000, 17.569630,      32.240000,     24.483921,      5.725000,     9.433948
   477,       2.650000,      5.120303,   11.710000,  14.061860,   14.420000,  16.131138, 25.410000, 17.569630,      32.240000,     24.483921,      5.725000,     9.433948
   478,       2.610000,      4.936385,   11.710000,  14.061860,   14.420000,  16.131138, 25.410000, 17.569630,      32.240000,     24.483921,      5.725000,     9.433948
   479,       2.435000,      4.444747,   11.710000,  14.061860,   14.420000,  16.131138, 25.410000, 17.569630,      32.240000,     24.483921,      5.725000,     9.433948
   480,       2.435000,      4.444747,   11.710000,  14.061860,   14.420000,  16.131138, 25.515000, 17.830866,      32.240000,     24.483921,      5.725000,     9.433948
   481,       2.525000,      4.657185,   11.710000,  14.061860,   14.420000,  16.131138, 25.515000, 17.830866,      32.240000,     24.483921,      5.725000,     9.433948
   482,       2.530000,      4.663593,   11.710000,  14.061860,   14.420000,  16.131138, 25.515000, 17.830866,      32.240000,     24.483921,      5.725000,     9.433948
   483,       2.535000,      4.781085,   11.710000,  14.061860,   14.420000,  16.131138, 25.515000, 17.830866,      32.240000,     24.483921,      5.725000,     9.433948
   484,       2.510000,      4.594551,   11.710000,  14.061860,   14.420000,  16.131138, 25.485000, 17.787911,      32.240000,     24.483921,      5.725000,     9.433948
   485,       2.570000,      4.792192,   11.710000,  14.061860,   14.420000,  16.131138, 25.290000, 17.665670,      32.200000,     24.523458,      5.725000,     9.433948
   486,       2.560000,      4.791284,   11.710000,  14.061860,   14.420000,  16.131138, 25.300000, 17.415510,      32.200000,     24.523458,      5.725000,     9.433948
   487,       2.575000,      4.847100,   11.710000,  14.061860,   14.420000,  16.131138, 25.270000, 17.440100,      32.200000,     24.523458,      5.725000,     9.433948
   488,       2.600000,      4.856954,   11.710000,  14.061860,   14.420000,  16.131138, 25.270000, 17.440100,      32.200000,     24.523458,      5.725000,     9.433948
   489,       2.695000,      4.979154,   11.710000,  14.061860,   14.420000,  16.131138, 25.270000, 17.440100,      32.200000,     24.523458,      5.725000,     9.433948
   490,       2.640000,      4.925485,   11.710000,  14.061860,   14.420000,  16.131138, 25.270000, 17.440100,      31.800000,     24.062419,      5.725000,     9.433948
   491,       2.525000,      4.789507,   11.710000,  14.061860,   14.420000,  16.131138, 25.270000, 17.440100,      31.800000,     24.062419,      5.725000,     9.433948
   492,       2.580000,      4.853205,   11.710000,  14.061860,   14.420000,  16.131138, 25.115000, 17.394303,      31.800000,     24.062419,      5.725000,     9.433948
   493,       2.620000,      4.777614,   11.710000,  14.061860,   14.420000,  16.131138, 25.115000, 17.394303,      31.800000,     24.062419,      5.845000,     9.600572
   494,       2.720000,      4.969064,   11.710000,  14.061860,   14.420000,  16.131138, 25.115000, 17.394303,      31.800000,     24.062419,      5.845000,     9.600572
   495,       2.495000,      4.652953,   11.710000,  14.061860,   14.420000,  16.131138, 25.115000, 17.394303,      31.800000,     24.062419,      5.845000,     9.600572
   496,       2.610000,      4.860854,   11.710000,  14.061860,   14.420000,  16.131138, 25.115000, 17.394303,      31.800000,     24.062419,      5.845000,     9.600572
   497,       2.515000,      4.676513,   11.710000,  14.061860,   14.420000,  16.131138, 25.115000, 17.394303,      31.800000,     24.062419,      5.845000,     9.600572
   498,       2.685000,      5.030485,   11.710000,  14.061860,   14.420000,  16.131138, 25.145000, 17.438864,      31.800000,     24.062419,      5.845000,     9.600572
   499,       2.610000,      4.942459,   11.710000,  14.061860,   14.420000,  16.131138, 25.190000, 17.558015,      31.685000,     23.967807,      5.860000,     9.635891
   500,       2.610000,      4.942459,   11.710000,  14.061860,   14.420000,  16.131138, 25.190000, 17.558015,      31.685000,     23.967807,      5.860000,     9.635891
