Budget,Robust-FW_mean,Robust-FW_std,PARWiS_mean,PARWiS_std,SELECT_mean,SELECT_std,RUCB_mean,RUCB_std,MultiSort_mean,MultiSort_std,Knockout_mean,Knockout_std
1,41.855000,27.635375,19.765000,16.328190,100.000000,0.000000,41.055000,26.358907,100.000000,0.000000,50.685000,29.696393
2,39.350000,26.537474,19.765000,16.328190,100.000000,0.000000,44.430000,26.871455,100.000000,0.000000,50.685000,29.696393
3,38.740000,25.990621,19.765000,16.328190,100.000000,0.000000,46.365000,26.762133,100.000000,0.000000,40.445000,26.063134
4,35.735000,25.164157,19.765000,16.328190,100.000000,0.000000,46.975000,27.537509,100.000000,0.000000,40.445000,26.063134
5,36.535000,24.676685,19.765000,16.328190,100.000000,0.000000,47.730000,28.187534,100.000000,0.000000,40.445000,26.063134
6,35.695000,24.831673,19.765000,16.328190,100.000000,0.000000,49.265000,28.117339,100.000000,0.000000,36.370000,25.240703
7,35.950000,24.932258,19.765000,16.328190,100.000000,0.000000,49.515000,28.324014,100.000000,0.000000,36.370000,25.240703
8,33.770000,24.206964,19.765000,16.328190,100.000000,0.000000,49.530000,28.451698,100.000000,0.000000,36.370000,25.240703
9,33.465000,24.232391,19.765000,16.328190,100.000000,0.000000,49.355000,28.332119,100.000000,0.000000,37.105000,25.796201
10,33.490000,24.435628,19.765000,16.328190,100.000000,0.000000,49.830000,28.497212,100.000000,0.000000,37.105000,25.796201
11,32.075000,23.593630,19.765000,16.328190,100.000000,0.000000,49.835000,28.491539,100.000000,0.000000,37.105000,25.796201
12,32.610000,23.135857,19.765000,16.328190,100.000000,0.000000,50.225000,28.586787,100.000000,0.000000,40.190000,25.937500
13,32.465000,23.192645,19.765000,16.328190,100.000000,0.000000,49.860000,28.440120,100.000000,0.000000,40.190000,25.937500
14,32.185000,22.420098,19.765000,16.328190,100.000000,0.000000,49.960000,28.629328,100.000000,0.000000,40.190000,25.937500
15,32.365000,23.412855,19.765000,16.328190,100.000000,0.000000,50.305000,28.813920,100.000000,0.000000,37.645000,25.424378
16,32.580000,23.723271,19.765000,16.328190,100.000000,0.000000,49.960000,28.629328,100.000000,0.000000,37.645000,25.424378
17,32.495000,23.536142,19.765000,16.328190,100.000000,0.000000,49.990000,28.610486,100.000000,0.000000,37.645000,25.424378
18,33.700000,24.702834,19.765000,16.328190,100.000000,0.000000,50.205000,28.785812,100.000000,0.000000,40.925000,25.404515
19,33.700000,24.702834,19.765000,16.328190,100.000000,0.000000,49.925000,28.610826,100.000000,0.000000,40.925000,25.404515
20,34.505000,24.942734,19.765000,16.328190,100.000000,0.000000,50.300000,28.694425,100.000000,0.000000,40.925000,25.404515
21,34.895000,25.386886,19.765000,16.328190,100.000000,0.000000,49.970000,28.511385,100.000000,0.000000,36.020000,23.762357
22,34.895000,25.386886,19.765000,16.328190,100.000000,0.000000,49.820000,28.678696,100.000000,0.000000,36.020000,23.762357
23,35.465000,25.620866,19.765000,16.328190,100.000000,0.000000,49.820000,28.678696,100.000000,0.000000,36.020000,23.762357
24,36.135000,26.025695,19.765000,16.328190,100.000000,0.000000,49.820000,28.678696,100.000000,0.000000,36.760000,24.141094
25,36.135000,26.025695,19.765000,16.328190,100.000000,0.000000,49.820000,28.678696,100.000000,0.000000,36.760000,24.141094
26,36.270000,25.978204,19.765000,16.328190,100.000000,0.000000,49.820000,28.678696,100.000000,0.000000,36.760000,24.141094
27,36.295000,25.857455,19.765000,16.328190,100.000000,0.000000,49.430000,28.578228,100.000000,0.000000,38.285000,26.122859
28,36.295000,25.857455,19.765000,16.328190,100.000000,0.000000,50.030000,28.948214,100.000000,0.000000,38.285000,26.122859
29,36.295000,25.857455,19.765000,16.328190,100.000000,0.000000,50.030000,28.948214,100.000000,0.000000,38.285000,26.122859
30,34.310000,25.571740,19.765000,16.328190,100.000000,0.000000,49.750000,28.772513,100.000000,0.000000,38.005000,23.859903
31,34.310000,25.571740,19.765000,16.328190,100.000000,0.000000,49.970000,28.835379,100.000000,0.000000,38.005000,23.859903
32,34.310000,25.571740,19.765000,16.328190,100.000000,0.000000,49.490000,28.814231,100.000000,0.000000,38.005000,23.859903
33,34.910000,25.219475,19.765000,16.328190,100.000000,0.000000,49.490000,28.814231,100.000000,0.000000,40.160000,22.682689
34,34.910000,25.219475,19.765000,16.328190,100.000000,0.000000,49.490000,28.814231,100.000000,0.000000,40.160000,22.682689
35,34.910000,25.219475,19.765000,16.328190,100.000000,0.000000,49.490000,28.814231,100.000000,0.000000,40.160000,22.682689
36,34.915000,25.378096,19.765000,16.328190,100.000000,0.000000,49.490000,28.814231,100.000000,0.000000,41.495000,25.138615
37,34.915000,25.378096,19.765000,16.328190,100.000000,0.000000,49.490000,28.814231,100.000000,0.000000,41.495000,25.138615
38,34.915000,25.378096,19.765000,16.328190,100.000000,0.000000,49.490000,28.814231,100.000000,0.000000,41.495000,25.138615
39,35.695000,25.770952,19.765000,16.328190,100.000000,0.000000,49.490000,28.814231,100.000000,0.000000,41.960000,25.055307
40,35.695000,25.770952,19.765000,16.328190,100.000000,0.000000,49.335000,28.613856,100.000000,0.000000,41.960000,25.055307
41,35.755000,25.776248,19.765000,16.328190,100.000000,0.000000,49.335000,28.613856,100.000000,0.000000,41.960000,25.055307
42,35.185000,25.701377,19.765000,16.328190,100.000000,0.000000,49.035000,28.415907,100.000000,0.000000,38.645000,24.234665
43,35.185000,25.701377,19.765000,16.328190,100.000000,0.000000,49.035000,28.415907,100.000000,0.000000,38.645000,24.234665
44,35.185000,25.701377,19.765000,16.328190,100.000000,0.000000,49.515000,28.445031,100.000000,0.000000,38.645000,24.234665
45,36.455000,25.733985,19.765000,16.328190,100.000000,0.000000,49.515000,28.445031,100.000000,0.000000,38.670000,25.651337
46,36.455000,25.733985,19.765000,16.328190,100.000000,0.000000,49.515000,28.445031,100.000000,0.000000,38.670000,25.651337
47,36.455000,25.733985,19.765000,16.328190,100.000000,0.000000,49.515000,28.445031,100.000000,0.000000,38.670000,25.651337
48,36.840000,25.951771,19.765000,16.328190,100.000000,0.000000,49.515000,28.445031,100.000000,0.000000,37.940000,22.799702
49,36.840000,25.951771,19.765000,16.328190,100.000000,0.000000,49.515000,28.445031,100.000000,0.000000,37.940000,22.799702
50,36.840000,25.951771,19.765000,16.328190,100.000000,0.000000,49.515000,28.445031,100.000000,0.000000,37.940000,22.799702
51,35.845000,25.761230,19.765000,16.328190,100.000000,0.000000,48.705000,28.227964,100.000000,0.000000,37.490000,24.192352
52,35.845000,25.761230,19.765000,16.328190,100.000000,0.000000,48.705000,28.227964,100.000000,0.000000,37.490000,24.192352
53,35.845000,25.761230,19.765000,16.328190,100.000000,0.000000,48.705000,28.227964,100.000000,0.000000,37.490000,24.192352
54,36.565000,25.494622,19.765000,16.328190,100.000000,0.000000,48.705000,28.227964,100.000000,0.000000,36.935000,24.641850
55,36.565000,25.494622,19.765000,16.328190,100.000000,0.000000,48.705000,28.227964,100.000000,0.000000,36.935000,24.641850
56,36.565000,25.494622,19.765000,16.328190,100.000000,0.000000,48.705000,28.227964,100.000000,0.000000,36.935000,24.641850
57,37.320000,25.739223,19.765000,16.328190,100.000000,0.000000,48.305000,28.319992,100.000000,0.000000,41.235000,26.490183
58,37.320000,25.739223,19.765000,16.328190,100.000000,0.000000,48.305000,28.319992,100.000000,0.000000,41.235000,26.490183
59,37.320000,25.739223,19.765000,16.328190,100.000000,0.000000,48.305000,28.319992,100.000000,0.000000,41.235000,26.490183
60,37.390000,25.934878,19.765000,16.328190,100.000000,0.000000,48.110000,28.117573,100.000000,0.000000,40.780000,26.253602
61,37.390000,25.934878,19.765000,16.328190,100.000000,0.000000,48.110000,28.117573,100.000000,0.000000,40.780000,26.253602
62,37.390000,25.934878,19.765000,16.328190,100.000000,0.000000,48.110000,28.117573,100.000000,0.000000,40.780000,26.253602
63,37.035000,26.012570,19.765000,16.328190,100.000000,0.000000,48.110000,28.117573,100.000000,0.000000,42.105000,25.173279
64,37.035000,26.012570,19.765000,16.328190,100.000000,0.000000,48.110000,28.117573,100.000000,0.000000,42.105000,25.173279
65,37.035000,26.012570,19.765000,16.328190,100.000000,0.000000,48.110000,28.117573,100.000000,0.000000,42.105000,25.173279
66,36.710000,25.641878,19.765000,16.328190,100.000000,0.000000,47.945000,27.967695,100.000000,0.000000,40.070000,25.204069
67,36.710000,25.641878,19.765000,16.328190,100.000000,0.000000,48.275000,28.166281,100.000000,0.000000,40.070000,25.204069
68,36.710000,25.641878,19.765000,16.328190,100.000000,0.000000,48.020000,28.008741,100.000000,0.000000,40.070000,25.204069
69,37.335000,25.355528,19.765000,16.328190,100.000000,0.000000,47.945000,27.967695,100.000000,0.000000,35.295000,25.375145
70,37.335000,25.355528,19.765000,16.328190,100.000000,0.000000,47.870000,27.866702,100.000000,0.000000,35.295000,25.375145
71,37.335000,25.355528,19.765000,16.328190,100.000000,0.000000,47.945000,27.908099,100.000000,0.000000,35.295000,25.375145
72,37.615000,25.178895,19.765000,16.328190,100.000000,0.000000,47.945000,27.908099,100.000000,0.000000,38.250000,24.919420
73,37.615000,25.178895,19.765000,16.328190,100.000000,0.000000,47.150000,27.701760,100.000000,0.000000,38.250000,24.919420
74,37.615000,25.178895,19.765000,16.328190,100.000000,0.000000,46.715000,27.739931,100.000000,0.000000,38.250000,24.919420
75,37.590000,25.094061,19.765000,16.328190,100.000000,0.000000,46.330000,27.656845,100.000000,0.000000,40.250000,23.728833
76,37.590000,25.094061,19.765000,16.328190,100.000000,0.000000,46.110000,27.442994,100.000000,0.000000,40.250000,23.728833
77,37.590000,25.094061,19.765000,16.328190,100.000000,0.000000,46.110000,27.442994,100.000000,0.000000,40.250000,23.728833
78,38.115000,25.117559,19.765000,16.328190,100.000000,0.000000,46.110000,27.442994,100.000000,0.000000,39.720000,24.381788
79,38.115000,25.117559,19.765000,16.328190,100.000000,0.000000,46.110000,27.442994,100.000000,0.000000,39.720000,24.381788
80,38.115000,25.117559,19.765000,16.328190,100.000000,0.000000,46.110000,27.442994,100.000000,0.000000,39.720000,24.381788
81,38.305000,25.313869,19.765000,16.328190,100.000000,0.000000,46.110000,27.442994,100.000000,0.000000,42.390000,25.231684
82,38.305000,25.313869,19.765000,16.328190,100.000000,0.000000,45.440000,27.221249,100.000000,0.000000,42.390000,25.231684
83,38.305000,25.313869,19.765000,16.328190,100.000000,0.000000,45.440000,27.221249,100.000000,0.000000,42.390000,25.231684
84,37.990000,24.815719,19.765000,16.328190,100.000000,0.000000,45.075000,27.150863,100.000000,0.000000,38.165000,25.619871
85,37.990000,24.815719,19.765000,16.328190,100.000000,0.000000,45.075000,27.150863,100.000000,0.000000,38.165000,25.619871
86,37.990000,24.815719,19.765000,16.328190,100.000000,0.000000,45.075000,27.150863,100.000000,0.000000,38.165000,25.619871
87,38.245000,24.365036,19.765000,16.328190,100.000000,0.000000,45.075000,27.150863,100.000000,0.000000,40.345000,25.912661
88,38.245000,24.365036,19.765000,16.328190,100.000000,0.000000,45.295000,27.375317,100.000000,0.000000,40.345000,25.912661
89,38.245000,24.365036,19.765000,16.328190,100.000000,0.000000,45.670000,27.484925,100.000000,0.000000,40.345000,25.912661
90,38.160000,23.895071,19.765000,16.328190,100.000000,0.000000,45.615000,27.433133,100.000000,0.000000,36.260000,25.029231
91,38.160000,23.895071,19.765000,16.328190,100.000000,0.000000,45.245000,27.533161,100.000000,0.000000,36.260000,25.029231
92,38.160000,23.895071,19.765000,16.328190,100.000000,0.000000,45.245000,27.533161,100.000000,0.000000,36.260000,25.029231
93,38.630000,24.063314,19.765000,16.328190,100.000000,0.000000,45.185000,27.476913,100.000000,0.000000,38.160000,24.791821
94,38.630000,24.063314,19.765000,16.328190,100.000000,0.000000,45.645000,27.483067,100.000000,0.000000,38.160000,24.791821
95,38.630000,24.063314,19.765000,16.328190,100.000000,0.000000,45.645000,27.483067,100.000000,0.000000,38.160000,24.791821
96,38.365000,23.715855,19.765000,16.328190,100.000000,0.000000,45.645000,27.483067,100.000000,0.000000,39.190000,24.574660
97,38.365000,23.715855,19.765000,16.328190,100.000000,0.000000,45.185000,27.441953,100.000000,0.000000,39.190000,24.574660
98,38.365000,23.715855,19.765000,16.328190,100.000000,0.000000,45.185000,27.441953,100.000000,0.000000,39.190000,24.574660
99,37.885000,23.602368,19.765000,16.328190,19.910000,17.367841,44.810000,27.325517,100.000000,0.000000,35.320000,25.064868
100,37.885000,23.602368,17.600000,14.609928,19.910000,17.367841,45.210000,27.281420,100.000000,0.000000,35.320000,25.064868
101,37.885000,23.602368,17.980000,15.274475,19.910000,17.367841,45.210000,27.281420,100.000000,0.000000,35.320000,25.064868
102,37.405000,23.454231,16.600000,13.961375,19.910000,17.367841,45.210000,27.281420,100.000000,0.000000,38.770000,25.392461
103,37.405000,23.454231,16.575000,13.920646,19.910000,17.367841,44.775000,27.225436,100.000000,0.000000,38.770000,25.392461
104,37.405000,23.454231,16.650000,14.146643,19.910000,17.367841,44.600000,27.130057,100.000000,0.000000,38.770000,25.392461
105,37.385000,23.452863,16.655000,14.292165,19.910000,17.367841,44.600000,27.130057,100.000000,0.000000,37.380000,24.163311
106,37.385000,23.452863,16.755000,14.357053,19.910000,17.367841,44.905000,27.011405,100.000000,0.000000,37.380000,24.163311
107,37.385000,23.452863,16.850000,14.763384,19.910000,17.367841,44.710000,26.904013,100.000000,0.000000,37.380000,24.163311
108,37.615000,23.564736,16.530000,14.075479,19.910000,17.367841,44.565000,26.720886,100.000000,0.000000,38.940000,25.650661
109,35.720000,23.265030,16.575000,14.062517,19.910000,17.367841,44.565000,26.720886,100.000000,0.000000,38.940000,25.650661
110,36.540000,23.978707,16.730000,14.236120,19.910000,17.367841,43.945000,26.339741,100.000000,0.000000,38.940000,25.650661
111,35.055000,24.046039,16.960000,14.450204,19.910000,17.367841,44.090000,26.528888,100.000000,0.000000,40.190000,24.954436
112,34.215000,23.279578,17.005000,14.420644,19.910000,17.367841,43.770000,26.235607,100.000000,0.000000,40.190000,24.954436
113,34.005000,23.240374,16.745000,14.170038,19.910000,17.367841,43.430000,26.061372,100.000000,0.000000,40.190000,24.954436
114,32.865000,22.239307,16.745000,14.170038,19.910000,17.367841,43.950000,26.394081,100.000000,0.000000,35.715000,24.935593
115,32.045000,22.303878,16.745000,14.170038,19.910000,17.367841,43.950000,26.394081,100.000000,0.000000,35.715000,24.935593
116,32.115000,21.868054,16.745000,14.170038,19.910000,17.367841,43.575000,26.255368,100.000000,0.000000,35.715000,24.935593
117,32.870000,22.221906,16.745000,14.170038,19.910000,17.367841,43.135000,26.211768,100.000000,0.000000,41.560000,24.052160
118,32.140000,21.553199,16.745000,14.170038,19.910000,17.367841,42.990000,26.014994,100.000000,0.000000,41.560000,24.052160
119,31.805000,22.123449,16.745000,14.170038,19.910000,17.367841,42.790000,25.735887,100.000000,0.000000,41.560000,24.052160
120,31.025000,22.210907,16.745000,14.170038,19.910000,17.367841,42.180000,25.665689,100.000000,0.000000,40.575000,24.079543
121,30.885000,22.552201,16.745000,14.170038,19.910000,17.367841,41.950000,25.630402,100.000000,0.000000,40.575000,24.079543
122,29.385000,22.010606,16.745000,14.170038,19.910000,17.367841,41.950000,25.630402,100.000000,0.000000,40.575000,24.079543
123,29.440000,21.878675,16.745000,14.170038,19.910000,17.367841,42.180000,25.665689,100.000000,0.000000,37.140000,24.735610
124,29.545000,21.958551,16.745000,14.170038,19.910000,17.367841,41.750000,25.475429,100.000000,0.000000,37.140000,24.735610
125,29.515000,21.742120,16.745000,14.170038,19.910000,17.367841,42.270000,25.868264,100.000000,0.000000,37.140000,24.735610
126,29.750000,21.482493,16.745000,14.170038,19.910000,17.367841,41.865000,25.714913,100.000000,0.000000,38.295000,25.085015
127,29.830000,21.698643,16.570000,13.821907,19.910000,17.367841,41.865000,25.714913,100.000000,0.000000,38.295000,25.085015
128,29.965000,22.048442,16.595000,13.845251,19.910000,17.367841,41.805000,25.646773,100.000000,0.000000,38.295000,25.085015
129,29.535000,21.641136,16.745000,14.170038,19.910000,17.367841,41.805000,25.646773,100.000000,0.000000,42.180000,24.958518
130,29.900000,21.801376,16.745000,14.170038,19.910000,17.367841,41.980000,25.766637,100.000000,0.000000,42.180000,24.958518
131,29.195000,21.250576,16.745000,14.170038,19.910000,17.367841,42.035000,25.683337,100.000000,0.000000,42.180000,24.958518
132,29.600000,21.354157,16.560000,14.093488,19.910000,17.367841,41.770000,25.511509,100.000000,0.000000,38.995000,25.868803
133,29.690000,21.491950,16.560000,14.093488,19.910000,17.367841,41.540000,25.472307,100.000000,0.000000,38.995000,25.868803
134,29.280000,21.400972,16.560000,14.093488,19.910000,17.367841,41.540000,25.472307,100.000000,0.000000,38.995000,25.868803
135,28.970000,21.019731,16.560000,14.093488,19.910000,17.367841,41.540000,25.472307,100.000000,0.000000,39.785000,26.945849
136,29.470000,21.309366,16.560000,14.093488,19.910000,17.367841,41.165000,25.499564,100.000000,0.000000,39.785000,26.945849
137,28.520000,21.296939,16.560000,14.093488,19.910000,17.367841,40.955000,25.409309,100.000000,0.000000,39.785000,26.945849
138,27.420000,20.564863,16.560000,14.093488,19.910000,17.367841,40.955000,25.409309,100.000000,0.000000,40.170000,26.757263
139,27.335000,20.608318,16.560000,14.093488,19.910000,17.367841,40.955000,25.409309,100.000000,0.000000,40.170000,26.757263
140,27.090000,20.917263,16.560000,14.093488,19.910000,17.367841,41.015000,25.517735,100.000000,0.000000,40.170000,26.757263
141,27.560000,20.800154,16.560000,14.093488,19.910000,17.367841,40.825000,25.382757,100.000000,0.000000,38.615000,25.523259
142,27.920000,20.826512,16.560000,14.093488,19.910000,17.367841,40.690000,25.181221,100.000000,0.000000,38.615000,25.523259
143,27.690000,20.901529,16.270000,13.747985,19.910000,17.367841,40.690000,25.181221,100.000000,0.000000,38.615000,25.523259
144,27.340000,20.331365,16.270000,13.747985,19.910000,17.367841,40.400000,25.025787,100.000000,0.000000,37.835000,25.276427
145,27.340000,20.331365,16.270000,13.747985,19.910000,17.367841,40.125000,25.121890,100.000000,0.000000,37.835000,25.276427
146,27.260000,20.379706,16.270000,13.747985,19.910000,17.367841,40.415000,25.279889,100.000000,0.000000,37.835000,25.276427
147,27.325000,20.887781,16.270000,13.747985,19.910000,17.367841,40.000000,25.012397,100.000000,0.000000,38.745000,24.047245
148,27.375000,20.863949,16.270000,13.747985,19.910000,17.367841,40.000000,25.012397,100.000000,0.000000,38.745000,24.047245
149,28.100000,20.846103,16.270000,13.747985,19.910000,17.367841,40.000000,25.012397,100.000000,0.000000,38.745000,24.047245
150,28.545000,20.715163,16.270000,13.747985,19.910000,17.367841,40.000000,25.012397,100.000000,0.000000,37.385000,24.795096
151,28.925000,20.654766,16.270000,13.747985,19.910000,17.367841,40.000000,25.012397,100.000000,0.000000,37.385000,24.795096
152,29.070000,20.850062,16.270000,13.747985,19.910000,17.367841,39.425000,24.548612,100.000000,0.000000,37.385000,24.795096
153,28.920000,20.732670,16.270000,13.747985,19.910000,17.367841,39.425000,24.548612,100.000000,0.000000,31.375000,22.253637
154,29.170000,21.081772,16.270000,13.747985,19.910000,17.367841,39.170000,24.274907,100.000000,0.000000,31.375000,22.253637
155,28.910000,20.880898,16.270000,13.747985,19.910000,17.367841,39.170000,24.274907,100.000000,0.000000,31.375000,22.253637
156,29.045000,21.315323,16.270000,13.747985,19.910000,17.367841,39.170000,24.274907,100.000000,0.000000,29.325000,21.646001
157,29.050000,21.318478,16.270000,13.747985,19.910000,17.367841,39.170000,24.274907,100.000000,0.000000,29.325000,21.646001
158,29.195000,21.105378,16.270000,13.747985,19.910000,17.367841,39.170000,24.274907,100.000000,0.000000,29.325000,21.646001
159,28.975000,21.326377,16.270000,13.747985,19.910000,17.367841,39.005000,24.039862,100.000000,0.000000,32.230000,21.427018
160,28.630000,21.061650,16.270000,13.747985,19.910000,17.367841,39.005000,24.039862,100.000000,0.000000,32.230000,21.427018
161,29.380000,20.894152,16.270000,13.747985,19.910000,17.367841,39.005000,24.039862,100.000000,0.000000,32.230000,21.427018
162,28.740000,20.901493,16.270000,13.747985,19.910000,17.367841,39.005000,24.039862,100.000000,0.000000,29.235000,20.841300
163,28.920000,20.842591,16.270000,13.747985,19.910000,17.367841,39.005000,24.039862,100.000000,0.000000,29.235000,20.841300
164,28.330000,20.707272,16.270000,13.747985,19.910000,17.367841,38.705000,24.013079,100.000000,0.000000,29.235000,20.841300
165,28.510000,20.863602,16.270000,13.747985,19.910000,17.367841,38.990000,24.115553,100.000000,0.000000,31.335000,22.686401
166,28.355000,20.554293,16.270000,13.747985,19.910000,17.367841,38.990000,24.115553,100.000000,0.000000,31.335000,22.686401
167,28.095000,20.563948,16.270000,13.747985,19.910000,17.367841,38.990000,24.115553,100.000000,0.000000,31.335000,22.686401
168,27.980000,20.592707,16.270000,13.747985,19.910000,17.367841,38.705000,24.013079,100.000000,0.000000,32.860000,22.152210
169,28.205000,20.640808,16.270000,13.747985,19.910000,17.367841,38.335000,23.897547,100.000000,0.000000,32.860000,22.152210
170,27.820000,20.485546,16.270000,13.747985,19.910000,17.367841,38.705000,24.013079,100.000000,0.000000,32.860000,22.152210
171,28.180000,20.119831,16.270000,13.747985,19.910000,17.367841,38.705000,24.013079,100.000000,0.000000,31.975000,20.840211
172,28.540000,20.344739,16.270000,13.747985,19.910000,17.367841,38.705000,24.013079,100.000000,0.000000,31.975000,20.840211
173,28.220000,20.205484,16.270000,13.747985,19.910000,17.367841,38.390000,23.961175,100.000000,0.000000,31.975000,20.840211
174,27.105000,19.637565,16.270000,13.747985,19.910000,17.367841,38.100000,23.635143,100.000000,0.000000,32.305000,21.592174
175,26.975000,19.538280,16.270000,13.747985,19.910000,17.367841,38.100000,23.635143,100.000000,0.000000,32.305000,21.592174
176,26.705000,19.313673,16.270000,13.747985,19.910000,17.367841,37.915000,23.313682,100.000000,0.000000,32.305000,21.592174
177,27.375000,19.690718,16.270000,13.747985,19.910000,17.367841,37.850000,23.222564,100.000000,0.000000,29.675000,20.513151
178,27.375000,19.690718,16.270000,13.747985,19.910000,17.367841,37.850000,23.222564,100.000000,0.000000,29.675000,20.513151
179,27.645000,19.873072,16.270000,13.747985,19.910000,17.367841,37.550000,23.231606,100.000000,0.000000,29.675000,20.513151
180,28.000000,19.881147,16.270000,13.747985,19.910000,17.367841,37.335000,23.425046,100.000000,0.000000,30.635000,21.936312
181,28.000000,19.881147,16.270000,13.747985,19.910000,17.367841,37.270000,23.332747,100.000000,0.000000,30.635000,21.936312
182,28.000000,19.881147,16.270000,13.747985,19.910000,17.367841,37.210000,23.204437,100.000000,0.000000,30.635000,21.936312
183,27.665000,20.250748,16.270000,13.747985,19.910000,17.367841,37.210000,23.204437,100.000000,0.000000,32.830000,21.827989
184,27.665000,20.250748,16.270000,13.747985,19.910000,17.367841,37.490000,23.103461,100.000000,0.000000,32.830000,21.827989
185,27.295000,20.193266,16.270000,13.747985,19.910000,17.367841,37.210000,23.204437,100.000000,0.000000,32.830000,21.827989
186,27.330000,20.061932,16.270000,13.747985,19.910000,17.367841,37.210000,23.204437,100.000000,0.000000,29.655000,22.729848
187,27.450000,19.999687,16.270000,13.747985,19.910000,17.367841,37.210000,23.204437,100.000000,0.000000,29.655000,22.729848
188,27.330000,20.061932,16.270000,13.747985,19.910000,17.367841,37.210000,23.204437,100.000000,0.000000,29.655000,22.729848
189,27.070000,19.819564,16.270000,13.747985,19.910000,17.367841,36.920000,23.242711,100.000000,0.000000,34.185000,20.421087
190,27.070000,19.819564,16.270000,13.747985,19.910000,17.367841,36.920000,23.242711,100.000000,0.000000,34.185000,20.421087
191,27.225000,19.767508,16.270000,13.747985,19.910000,17.367841,36.920000,23.242711,100.000000,0.000000,34.185000,20.421087
192,26.755000,19.824858,16.270000,13.747985,19.910000,17.367841,36.970000,23.345858,100.000000,0.000000,31.790000,22.938742
193,26.755000,19.824858,16.270000,13.747985,19.910000,17.367841,36.605000,23.481034,100.000000,0.000000,31.790000,22.938742
194,26.635000,19.871381,16.270000,13.747985,19.910000,17.367841,36.605000,23.481034,100.000000,0.000000,31.790000,22.938742
195,27.400000,20.215835,16.270000,13.747985,19.910000,17.367841,36.865000,23.428546,100.000000,0.000000,30.585000,21.286446
196,27.400000,20.215835,16.270000,13.747985,19.910000,17.367841,36.865000,23.428546,100.000000,0.000000,30.585000,21.286446
197,27.220000,20.165108,16.270000,13.747985,19.910000,17.367841,36.645000,23.501255,100.000000,0.000000,30.585000,21.286446
198,26.910000,20.445339,16.270000,13.747985,19.910000,17.367841,36.645000,23.501255,100.000000,0.000000,30.460000,21.216230
199,26.910000,20.445339,16.270000,13.747985,19.910000,17.367841,36.575000,23.309105,100.000000,0.000000,30.460000,21.216230
200,26.910000,20.445339,16.270000,13.747985,19.910000,17.367841,36.395000,23.122478,100.000000,0.000000,30.460000,21.216230
201,26.785000,20.338357,16.270000,13.747985,19.910000,17.367841,36.395000,23.122478,99.660000,4.796290,29.700000,21.706451
202,26.785000,20.338357,16.270000,13.747985,19.910000,17.367841,36.395000,23.122478,99.660000,4.796290,29.700000,21.706451
203,26.785000,20.338357,16.270000,13.747985,19.910000,17.367841,36.175000,23.191688,99.660000,4.796290,29.700000,21.706451
204,26.660000,20.413339,16.270000,13.747985,19.910000,17.367841,36.175000,23.191688,99.660000,4.796290,30.250000,20.511643
205,26.640000,21.037357,16.270000,13.747985,19.910000,17.367841,36.175000,23.191688,99.660000,4.796290,30.250000,20.511643
206,25.325000,20.540189,16.270000,13.747985,19.910000,17.367841,36.125000,23.086129,99.660000,4.796290,30.250000,20.511643
207,25.490000,20.897127,16.270000,13.747985,19.910000,17.367841,36.125000,23.086129,99.660000,4.796290,28.265000,20.829661
208,26.020000,20.572059,16.270000,13.747985,19.910000,17.367841,36.125000,23.086129,99.660000,4.796290,28.265000,20.829661
209,25.000000,20.098756,16.270000,13.747985,19.910000,17.367841,36.125000,23.086129,99.660000,4.796290,28.265000,20.829661
210,25.475000,19.622930,16.270000,13.747985,19.910000,17.367841,35.755000,22.924332,99.660000,4.796290,34.730000,21.201111
211,25.325000,19.314745,16.270000,13.747985,19.910000,17.367841,35.755000,22.924332,99.660000,4.796290,34.730000,21.201111
212,24.055000,19.020830,16.270000,13.747985,19.910000,17.367841,35.520000,22.987162,99.660000,4.796290,34.730000,21.201111
213,25.310000,19.673177,16.270000,13.747985,19.910000,17.367841,35.400000,22.932074,99.660000,4.796290,30.395000,21.437327
214,24.775000,19.338676,16.270000,13.747985,19.910000,17.367841,35.400000,22.932074,99.660000,4.796290,30.395000,21.437327
215,25.345000,19.741985,16.270000,13.747985,19.910000,17.367841,35.400000,22.932074,99.660000,4.796290,30.395000,21.437327
216,23.975000,19.379999,16.270000,13.747985,19.910000,17.367841,35.520000,22.987162,99.660000,4.796290,32.540000,22.686525
217,24.070000,20.096644,16.270000,13.747985,19.910000,17.367841,35.340000,23.037456,99.660000,4.796290,32.540000,22.686525
218,24.055000,19.604642,16.270000,13.747985,19.910000,17.367841,35.410000,23.008518,99.660000,4.796290,32.540000,22.686525
219,23.535000,19.360495,16.270000,13.747985,19.910000,17.367841,35.410000,23.008518,99.660000,4.796290,30.150000,22.546341
220,23.580000,19.107161,16.270000,13.747985,19.910000,17.367841,35.410000,23.008518,99.660000,4.796290,30.150000,22.546341
221,22.820000,18.453390,16.270000,13.747985,19.910000,17.367841,35.230000,23.057908,99.235000,7.658967,30.150000,22.546341
222,24.450000,19.528633,16.270000,13.747985,19.910000,17.367841,35.230000,23.057908,99.235000,7.658967,28.545000,21.453391
223,23.325000,18.737112,16.270000,13.747985,19.910000,17.367841,35.120000,22.823795,99.235000,7.658967,28.545000,21.453391
224,23.925000,19.106527,16.270000,13.747985,19.910000,17.367841,35.120000,22.823795,99.235000,7.658967,28.545000,21.453391
225,24.130000,19.596507,16.270000,13.747985,19.910000,17.367841,35.065000,22.752819,99.235000,7.658967,30.925000,20.403171
226,24.340000,19.491136,16.270000,13.747985,19.910000,17.367841,35.065000,22.752819,99.235000,7.658967,30.925000,20.403171
227,24.550000,19.513521,16.270000,13.747985,19.910000,17.367841,34.775000,22.764542,99.235000,7.658967,30.925000,20.403171
228,23.790000,19.397575,16.270000,13.747985,19.910000,17.367841,35.075000,22.844460,99.235000,7.658967,23.340000,16.984829
229,23.850000,19.497628,16.270000,13.747985,19.910000,17.367841,35.075000,22.844460,99.235000,7.658967,23.340000,16.984829
230,24.175000,19.508316,16.270000,13.747985,19.910000,17.367841,35.075000,22.844460,98.760000,10.140631,23.340000,16.984829
231,24.035000,19.624061,16.270000,13.747985,19.910000,17.367841,34.700000,22.453508,98.760000,10.140631,25.000000,18.678865
232,23.595000,19.209919,16.270000,13.747985,19.910000,17.367841,34.700000,22.453508,98.760000,10.140631,25.000000,18.678865
233,23.940000,19.302756,16.270000,13.747985,19.910000,17.367841,34.990000,22.442591,98.760000,10.140631,25.000000,18.678865
234,24.295000,19.191873,16.270000,13.747985,19.910000,17.367841,34.690000,22.360096,98.760000,10.140631,24.520000,19.037321
235,23.870000,19.085678,16.270000,13.747985,19.910000,17.367841,34.795000,22.283693,98.495000,10.777290,24.520000,19.037321
236,23.960000,19.534032,16.270000,13.747985,19.910000,17.367841,34.640000,22.243435,98.495000,10.777290,24.520000,19.037321
237,23.190000,18.990627,16.270000,13.747985,19.910000,17.367841,34.355000,22.166393,98.495000,10.777290,26.545000,18.499945
238,22.895000,18.834648,16.270000,13.747985,19.910000,17.367841,34.265000,22.143278,98.495000,10.777290,26.545000,18.499945
239,23.055000,18.609191,16.270000,13.747985,19.910000,17.367841,34.265000,22.143278,98.495000,10.777290,26.545000,18.499945
240,22.500000,18.556401,16.270000,13.747985,19.910000,17.367841,34.265000,22.143278,98.495000,10.777290,25.670000,19.569903
241,22.925000,18.369251,16.270000,13.747985,19.910000,17.367841,34.265000,22.143278,98.310000,11.063630,25.670000,19.569903
242,22.720000,18.460271,16.270000,13.747985,19.910000,17.367841,34.265000,22.143278,98.310000,11.063630,25.670000,19.569903
243,21.945000,18.321080,16.270000,13.747985,19.910000,17.367841,34.265000,22.143278,97.400000,14.194013,25.285000,19.751804
244,21.990000,18.328936,16.270000,13.747985,19.910000,17.367841,34.240000,22.121537,97.100000,14.758726,25.285000,19.751804
245,21.535000,17.325957,16.270000,13.747985,19.910000,17.367841,33.905000,22.060960,97.100000,14.758726,25.285000,19.751804
246,22.125000,17.318180,16.270000,13.747985,19.910000,17.367841,33.700000,22.054478,97.100000,14.758726,28.035000,18.823490
247,22.075000,17.265844,16.270000,13.747985,19.910000,17.367841,33.700000,22.054478,96.830000,15.190823,28.035000,18.823490
248,22.330000,17.533143,16.270000,13.747985,19.910000,17.367841,33.725000,22.074632,96.115000,16.505204,28.035000,18.823490
249,21.935000,17.268201,16.270000,13.747985,19.910000,17.367841,33.700000,22.054478,96.115000,16.505204,25.685000,19.146691
250,21.610000,16.757622,16.270000,13.747985,19.910000,17.367841,33.265000,21.785196,96.115000,16.505204,25.685000,19.146691
251,21.605000,17.303727,16.270000,13.747985,19.910000,17.367841,32.880000,21.617946,95.675000,17.536515,25.685000,19.146691
252,21.320000,17.223461,16.270000,13.747985,19.910000,17.367841,32.880000,21.617946,95.675000,17.536515,24.240000,18.907469
253,21.310000,17.133123,16.270000,13.747985,19.910000,17.367841,32.905000,21.639454,95.335000,18.099524,24.240000,18.907469
254,19.865000,16.913804,16.270000,13.747985,19.910000,17.367841,33.080000,21.860778,95.335000,18.099524,24.240000,18.907469
255,19.785000,16.687084,16.270000,13.747985,19.910000,17.367841,32.845000,21.774090,95.335000,18.099524,26.225000,19.030617
256,20.200000,17.306935,16.270000,13.747985,19.910000,17.367841,32.065000,21.330747,95.335000,18.099524,26.225000,19.030617
257,20.330000,17.032061,16.270000,13.747985,19.910000,17.367841,32.355000,21.355069,95.335000,18.099524,26.225000,19.030617
258,20.300000,16.665533,16.270000,13.747985,19.910000,17.367841,32.355000,21.355069,94.875000,19.115684,24.955000,19.559473
259,20.680000,17.130020,16.270000,13.747985,19.910000,17.367841,32.355000,21.355069,94.065000,20.622822,24.955000,19.559473
260,20.495000,16.789579,16.270000,13.747985,19.910000,17.367841,32.155000,21.197664,94.065000,20.622822,24.955000,19.559473
261,20.945000,16.515810,16.270000,13.747985,19.910000,17.367841,32.155000,21.197664,93.285000,21.838356,23.160000,19.005641
262,20.605000,16.706256,16.270000,13.747985,19.910000,17.367841,31.865000,21.170422,93.285000,21.838356,23.160000,19.005641
263,20.200000,16.910352,16.270000,13.747985,19.910000,17.367841,31.815000,21.099070,93.070000,21.982382,23.160000,19.005641
264,20.230000,17.122123,16.270000,13.747985,19.910000,17.367841,31.815000,21.099070,91.875000,23.519128,19.915000,16.629124
265,19.590000,16.697063,16.270000,13.747985,19.910000,17.367841,31.690000,20.892197,91.000000,24.808265,19.915000,16.629124
266,20.025000,16.855396,16.270000,13.747985,19.910000,17.367841,31.690000,20.892197,91.000000,24.808265,19.915000,16.629124
267,19.685000,16.355604,16.270000,13.747985,19.910000,17.367841,31.690000,20.892197,90.250000,25.672505,21.565000,17.309702
268,19.185000,16.125780,16.270000,13.747985,19.910000,17.367841,31.650000,20.895394,89.900000,26.012113,21.565000,17.309702
269,18.750000,16.223363,16.270000,13.747985,19.910000,17.367841,31.650000,20.895394,89.760000,26.032718,21.565000,17.309702
270,18.220000,15.728687,16.270000,13.747985,19.910000,17.367841,31.650000,20.895394,89.220000,26.377293,20.825000,16.553984
271,18.495000,15.989058,16.270000,13.747985,19.910000,17.367841,31.650000,20.895394,88.775000,26.936488,20.825000,16.553984
272,18.010000,15.883007,16.270000,13.747985,19.910000,17.367841,31.940000,20.925974,88.370000,27.370113,20.825000,16.553984
273,17.325000,15.220032,16.270000,13.747985,19.910000,17.367841,31.940000,20.925974,88.040000,27.624598,22.480000,18.218661
274,17.595000,15.212856,16.270000,13.747985,19.910000,17.367841,32.065000,21.131038,86.850000,28.838299,22.480000,18.218661
275,17.705000,15.122763,16.270000,13.747985,19.910000,17.367841,31.780000,20.975738,86.570000,28.980771,22.480000,18.218661
276,17.400000,15.177945,16.270000,13.747985,19.910000,17.367841,31.610000,20.973266,85.865000,29.510621,20.860000,16.136927
277,16.680000,14.970558,16.270000,13.747985,19.910000,17.367841,31.610000,20.973266,84.150000,31.140609,20.860000,16.136927
278,17.065000,15.127484,16.270000,13.747985,19.910000,17.367841,31.485000,20.763906,84.150000,31.140609,20.860000,16.136927
279,17.675000,15.374309,16.270000,13.747985,19.910000,17.367841,31.485000,20.763906,83.955000,31.162846,18.350000,15.716472
280,17.205000,14.800101,16.270000,13.747985,19.910000,17.367841,31.485000,20.763906,83.545000,31.486790,18.350000,15.716472
281,17.050000,15.115141,16.270000,13.747985,19.910000,17.367841,31.485000,20.763906,83.545000,31.486790,18.350000,15.716472
282,16.260000,14.260168,16.270000,13.747985,19.910000,17.367841,31.290000,20.659281,83.545000,31.486790,17.585000,15.050009
283,16.260000,14.037892,16.270000,13.747985,19.910000,17.367841,31.010000,20.525348,83.190000,31.698800,17.585000,15.050009
284,15.955000,14.676613,16.270000,13.747985,19.910000,17.367841,31.010000,20.525348,83.190000,31.698800,17.585000,15.050009
285,15.235000,13.959218,16.270000,13.747985,19.910000,17.367841,31.010000,20.525348,83.190000,31.698800,18.075000,16.494829
286,15.865000,14.217833,16.270000,13.747985,19.910000,17.367841,31.010000,20.525348,83.190000,31.698800,18.075000,16.494829
287,15.160000,13.758794,16.270000,13.747985,19.910000,17.367841,31.010000,20.525348,83.190000,31.698800,18.075000,16.494829
288,14.635000,13.633480,16.270000,13.747985,19.910000,17.367841,31.010000,20.525348,82.715000,32.151886,16.405000,14.511064
289,14.520000,13.864328,16.270000,13.747985,19.910000,17.367841,31.010000,20.525348,82.185000,32.571011,16.405000,14.511064
290,14.690000,13.663232,16.270000,13.747985,19.910000,17.367841,31.010000,20.525348,81.755000,32.899012,16.405000,14.511064
291,13.860000,12.848362,16.270000,13.747985,19.910000,17.367841,30.880000,20.493306,81.460000,32.877323,13.750000,13.260373
292,13.950000,13.107536,16.270000,13.747985,19.910000,17.367841,30.880000,20.493306,81.080000,33.099299,13.750000,13.260373
293,14.840000,13.509419,16.270000,13.747985,19.910000,17.367841,30.880000,20.493306,80.355000,33.525647,13.750000,13.260373
294,13.655000,12.654089,16.270000,13.747985,19.910000,17.367841,30.880000,20.493306,79.930000,33.811464,18.950000,17.319570
295,13.110000,13.007609,16.270000,13.747985,19.910000,17.367841,30.880000,20.493306,79.930000,33.811464,18.950000,17.319570
296,12.550000,12.233049,16.270000,13.747985,19.910000,17.367841,30.880000,20.493306,79.525000,34.052891,18.950000,17.319570
297,13.385000,13.368125,16.270000,13.747985,19.910000,17.367841,30.880000,20.493306,79.230000,34.129710,11.805000,13.175620
298,13.030000,13.078956,16.270000,13.747985,19.910000,17.367841,30.880000,20.493306,79.230000,34.129710,11.805000,13.175620
299,11.920000,12.210798,16.270000,13.747985,19.910000,17.367841,30.880000,20.493306,78.415000,34.337484,11.805000,13.175620
300,12.420000,12.459679,16.270000,13.747985,19.910000,17.367841,30.880000,20.493306,77.045000,35.264897,11.805000,13.175620
301,11.790000,11.429606,16.270000,13.747985,19.910000,17.367841,30.510000,20.360990,75.825000,35.488933,11.975000,13.366539
302,11.290000,11.243927,16.270000,13.747985,19.910000,17.367841,30.550000,20.359948,74.880000,35.874442,11.975000,13.366539
303,10.835000,11.172635,16.270000,13.747985,19.910000,17.367841,30.305000,20.177759,73.960000,36.186163,11.850000,13.278083
304,10.505000,10.974970,16.270000,13.747985,19.910000,17.367841,30.305000,20.177759,73.960000,36.186163,11.850000,13.278083
305,10.515000,11.481279,16.270000,13.747985,19.910000,17.367841,30.305000,20.177759,73.465000,36.502312,11.620000,12.594666
306,11.055000,11.182664,16.270000,13.747985,19.910000,17.367841,30.305000,20.177759,73.030000,36.701350,11.620000,12.594666
307,10.465000,11.069723,16.270000,13.747985,19.910000,17.367841,30.305000,20.177759,72.040000,36.953733,11.400000,12.185237
308,10.225000,11.225167,16.270000,13.747985,19.910000,17.367841,30.305000,20.177759,71.605000,36.883722,11.400000,12.185237
309,10.735000,11.445732,16.270000,13.747985,19.910000,17.367841,30.305000,20.177759,71.235000,36.968091,11.220000,11.936985
310,10.400000,11.239217,16.270000,13.747985,19.910000,17.367841,30.320000,20.194247,70.945000,36.968797,11.220000,11.936985
311,10.440000,11.003927,16.270000,13.747985,19.910000,17.367841,30.245000,20.215216,70.010000,37.114282,11.055000,11.553873
312,10.790000,11.635545,16.270000,13.747985,19.910000,17.367841,30.245000,20.215216,69.525000,37.352234,11.055000,11.553873
313,10.245000,11.117328,16.270000,13.747985,19.910000,17.367841,30.285000,20.214692,68.940000,37.340546,11.395000,12.256385
314,10.270000,11.283931,16.270000,13.747985,19.910000,17.367841,30.285000,20.214692,68.785000,37.275579,11.395000,12.256385
315,10.090000,11.025058,16.270000,13.747985,19.910000,17.367841,30.285000,20.214692,67.545000,37.395293,11.500000,12.393143
316,10.190000,11.209545,16.270000,13.747985,19.910000,17.367841,30.285000,20.214692,66.585000,37.530291,11.500000,12.393143
317,10.240000,10.956386,16.270000,13.747985,19.910000,17.367841,30.285000,20.214692,66.585000,37.530291,11.445000,12.287676
318,10.720000,11.178622,16.270000,13.747985,19.910000,17.367841,30.090000,19.920138,65.305000,37.742310,11.445000,12.287676
319,10.615000,11.197177,16.270000,13.747985,19.910000,17.367841,30.090000,19.920138,64.585000,37.773572,11.275000,11.941079
320,10.080000,10.814971,16.270000,13.747985,19.910000,17.367841,30.090000,19.920138,63.860000,37.782938,11.275000,11.941079
321,9.730000,10.629069,16.270000,13.747985,19.910000,17.367841,30.090000,19.920138,63.860000,37.782938,11.080000,11.780645
322,9.645000,10.602781,16.270000,13.747985,19.910000,17.367841,30.090000,19.920138,63.715000,37.699520,11.080000,11.780645
323,8.960000,9.865009,16.270000,13.747985,19.910000,17.367841,30.050000,19.920279,62.890000,37.819676,11.055000,11.771235
324,9.135000,10.198371,16.270000,13.747985,19.910000,17.367841,30.050000,19.920279,62.500000,37.837151,11.055000,11.771235
325,9.035000,10.111072,16.270000,13.747985,19.910000,17.367841,30.050000,19.920279,61.605000,38.009591,11.035000,11.751756
326,9.250000,10.386409,16.270000,13.747985,19.910000,17.367841,30.050000,19.920279,61.170000,38.065484,11.035000,11.751756
327,8.880000,10.043187,16.270000,13.747985,19.910000,17.367841,30.050000,19.920279,60.530000,38.008803,10.990000,11.699568
328,9.315000,11.023419,16.270000,13.747985,19.910000,17.367841,30.050000,19.920279,60.530000,38.008803,10.990000,11.699568
329,9.005000,11.067293,16.270000,13.747985,19.910000,17.367841,30.050000,19.920279,59.590000,38.183529,11.140000,11.870147
330,9.115000,10.765304,16.270000,13.747985,19.910000,17.367841,30.050000,19.920279,59.590000,38.183529,11.140000,11.870147
331,8.720000,10.146507,16.270000,13.747985,19.910000,17.367841,30.050000,19.920279,59.130000,38.248047,10.990000,11.736264
332,8.965000,10.826531,16.270000,13.747985,19.910000,17.367841,30.050000,19.920279,59.130000,38.248047,10.990000,11.736264
333,8.825000,10.244724,16.270000,13.747985,19.910000,17.367841,30.050000,19.920279,58.660000,38.320418,10.905000,11.413850
334,8.990000,10.183315,16.270000,13.747985,19.910000,17.367841,30.050000,19.920279,58.115000,38.121146,10.905000,11.413850
335,8.790000,9.807951,16.270000,13.747985,19.910000,17.367841,30.050000,19.920279,58.115000,38.121146,10.900000,11.598276
336,8.640000,10.186776,16.270000,13.747985,19.910000,17.367841,30.050000,19.920279,58.115000,38.121146,10.900000,11.598276
337,8.740000,9.879393,16.270000,13.747985,19.910000,17.367841,29.925000,19.979724,56.920000,38.117366,10.955000,11.677456
338,8.265000,9.652708,16.270000,13.747985,19.910000,17.367841,29.925000,19.979724,56.920000,38.117366,10.955000,11.677456
339,8.210000,9.622676,16.270000,13.747985,19.910000,17.367841,29.925000,19.979724,56.920000,38.117366,10.915000,11.352435
340,8.355000,9.671038,16.270000,13.747985,19.910000,17.367841,29.925000,19.979724,56.920000,38.117366,10.915000,11.352435
341,7.915000,9.482498,16.270000,13.747985,19.910000,17.367841,29.815000,19.818698,56.435000,37.940688,11.050000,11.500326
342,7.965000,9.248988,16.270000,13.747985,19.910000,17.367841,29.815000,19.818698,56.105000,37.847245,11.050000,11.500326
343,8.210000,9.376348,16.270000,13.747985,19.910000,17.367841,29.815000,19.818698,55.195000,37.687226,10.950000,11.342729
344,7.895000,9.032938,16.270000,13.747985,19.910000,17.367841,29.815000,19.818698,54.450000,37.610072,10.950000,11.342729
345,7.725000,8.931930,16.270000,13.747985,19.910000,17.367841,29.815000,19.818698,54.450000,37.610072,10.985000,11.665967
346,7.810000,9.073252,16.270000,13.747985,19.910000,17.367841,29.815000,19.818698,54.115000,37.501090,10.985000,11.665967
347,7.590000,8.600692,16.270000,13.747985,19.910000,17.367841,29.830000,19.798765,53.865000,37.360765,10.990000,11.667900
348,7.430000,8.590989,16.270000,13.747985,19.910000,17.367841,29.830000,19.798765,53.085000,37.214215,10.990000,11.667900
349,7.400000,8.634813,16.270000,13.747985,19.910000,17.367841,29.830000,19.798765,53.085000,37.214215,10.540000,11.313638
350,7.385000,8.735947,16.270000,13.747985,19.910000,17.367841,29.830000,19.798765,52.195000,36.808925,10.540000,11.313638
351,7.760000,9.333402,16.270000,13.747985,19.910000,17.367841,29.830000,19.798765,51.280000,36.747267,10.960000,11.720000
352,7.390000,8.816343,16.270000,13.747985,19.910000,17.367841,29.830000,19.798765,51.280000,36.747267,10.960000,11.720000
353,7.440000,8.636342,16.270000,13.747985,19.910000,17.367841,29.585000,19.813702,51.280000,36.747267,10.945000,11.748701
354,7.385000,8.574192,16.270000,13.747985,19.910000,17.367841,29.585000,19.813702,50.460000,36.292677,10.945000,11.748701
355,7.605000,9.199401,16.270000,13.747985,19.910000,17.367841,29.295000,19.746847,50.045000,36.198245,10.845000,11.593575
356,7.210000,8.552538,16.270000,13.747985,19.910000,17.367841,29.295000,19.746847,49.660000,36.074151,10.845000,11.593575
357,7.315000,8.655390,16.270000,13.747985,19.910000,17.367841,29.295000,19.746847,49.135000,35.718857,10.845000,11.593575
358,6.905000,8.348412,16.270000,13.747985,19.910000,17.367841,29.295000,19.746847,48.445000,35.395861,10.845000,11.593575
359,6.985000,8.526123,16.270000,13.747985,19.910000,17.367841,29.295000,19.746847,48.090000,35.232682,10.835000,11.601628
360,7.005000,8.571754,16.270000,13.747985,19.910000,17.367841,29.295000,19.746847,47.840000,35.040325,10.835000,11.601628
361,6.755000,8.020285,16.270000,13.747985,19.910000,17.367841,29.295000,19.746847,47.265000,34.524843,10.970000,11.718323
362,6.820000,8.065829,16.270000,13.747985,19.910000,17.367841,29.295000,19.746847,46.995000,34.321931,10.970000,11.718323
363,6.875000,8.099961,16.270000,13.747985,19.910000,17.367841,29.295000,19.746847,46.995000,34.321931,10.735000,11.285157
364,6.695000,7.959395,16.270000,13.747985,19.910000,17.367841,28.770000,19.458857,46.405000,33.914023,10.735000,11.285157
365,6.465000,7.870754,16.270000,13.747985,19.910000,17.367841,28.570000,19.290285,45.540000,33.651425,10.840000,11.370770
366,6.595000,7.978156,16.270000,13.747985,19.910000,17.367841,28.385000,19.106982,45.425000,33.504095,10.840000,11.370770
367,6.745000,8.058534,16.270000,13.747985,19.910000,17.367841,28.385000,19.106982,44.750000,33.173144,10.730000,11.226179
368,6.710000,7.873112,16.270000,13.747985,19.910000,17.367841,28.385000,19.106982,44.110000,32.776331,10.730000,11.226179
369,6.385000,7.683539,16.270000,13.747985,19.910000,17.367841,28.410000,19.156772,43.300000,32.393518,10.850000,11.313598
370,6.490000,7.760148,16.270000,13.747985,19.910000,17.367841,28.410000,19.156772,43.300000,32.393518,10.850000,11.313598
371,6.390000,7.976083,16.270000,13.747985,19.910000,17.367841,28.410000,19.156772,42.720000,32.058721,10.810000,11.319183
372,6.520000,7.899975,16.270000,13.747985,19.910000,17.367841,28.410000,19.156772,42.720000,32.058721,10.810000,11.319183
373,6.420000,7.604841,16.270000,13.747985,19.910000,17.367841,28.325000,19.218204,42.720000,32.058721,10.810000,11.319183
374,6.045000,7.279627,16.270000,13.747985,19.910000,17.367841,28.040000,19.198656,42.720000,32.058721,10.810000,11.319183
375,6.210000,7.473011,16.270000,13.747985,19.910000,17.367841,28.040000,19.198656,42.720000,32.058721,10.790000,11.288751
376,6.450000,8.194358,16.270000,13.747985,19.910000,17.367841,28.040000,19.198656,42.290000,31.863708,10.790000,11.288751
377,6.455000,7.817159,16.270000,13.747985,19.910000,17.367841,27.985000,19.090961,42.105000,31.634696,10.805000,11.325501
378,6.370000,8.094016,16.270000,13.747985,19.910000,17.367841,27.890000,18.898092,41.620000,31.486594,10.805000,11.325501
379,6.325000,7.820446,16.270000,13.747985,19.910000,17.367841,27.890000,18.898092,41.620000,31.486594,10.880000,11.412519
380,6.705000,8.386774,16.270000,13.747985,19.910000,17.367841,27.890000,18.898092,41.620000,31.486594,10.880000,11.412519
381,6.675000,8.441527,16.270000,13.747985,19.910000,17.367841,27.890000,18.898092,41.620000,31.486594,10.960000,11.594757
382,6.870000,8.486642,16.270000,13.747985,19.910000,17.367841,27.715000,18.664506,41.620000,31.486594,10.960000,11.594757
383,6.810000,8.321292,16.270000,13.747985,19.910000,17.367841,27.715000,18.664506,41.620000,31.486594,10.860000,11.437675
384,6.635000,7.633595,16.270000,13.747985,19.910000,17.367841,27.715000,18.664506,41.160000,31.301827,10.860000,11.437675
385,6.965000,8.139028,16.270000,13.747985,19.910000,17.367841,27.715000,18.664506,41.160000,31.301827,10.910000,11.460013
386,6.780000,8.241456,16.270000,13.747985,19.910000,17.367841,27.715000,18.664506,40.955000,31.049041,10.910000,11.460013
387,6.775000,8.050116,16.270000,13.747985,19.910000,17.367841,27.715000,18.664506,40.670000,30.766071,10.775000,11.309924
388,6.855000,8.337504,16.270000,13.747985,19.910000,17.367841,27.715000,18.664506,40.195000,30.579192,10.775000,11.309924
389,6.430000,7.926859,16.270000,13.747985,19.910000,17.367841,27.715000,18.664506,40.195000,30.579192,10.765000,11.314140
390,6.345000,7.890879,16.270000,13.747985,19.910000,17.367841,27.565000,18.475816,40.195000,30.579192,10.765000,11.314140
391,6.745000,8.551607,16.270000,13.747985,19.910000,17.367841,27.565000,18.475816,39.800000,30.313198,10.670000,11.223239
392,6.770000,8.647954,16.270000,13.747985,19.910000,17.367841,27.565000,18.475816,39.305000,30.133901,10.670000,11.223239
393,6.235000,7.578244,16.270000,13.747985,19.910000,17.367841,27.480000,18.512688,39.305000,30.133901,10.670000,11.223239
394,6.215000,7.466510,16.270000,13.747985,19.910000,17.367841,27.480000,18.512688,39.305000,30.133901,10.670000,11.223239
395,6.245000,7.608875,16.270000,13.747985,19.910000,17.367841,27.480000,18.512688,39.305000,30.133901,10.540000,11.153403
396,6.345000,8.046488,16.270000,13.747985,19.910000,17.367841,27.480000,18.512688,39.305000,30.133901,10.540000,11.153403
397,6.450000,8.106016,16.270000,13.747985,19.910000,17.367841,27.480000,18.512688,38.985000,29.825908,10.620000,11.199357
398,6.465000,8.008669,16.270000,13.747985,19.910000,17.367841,27.480000,18.512688,38.520000,29.595094,10.620000,11.199357
399,6.450000,8.173586,16.270000,13.747985,19.910000,17.367841,27.480000,18.512688,38.520000,29.595094,10.505000,11.090535
400,6.475000,8.229178,16.270000,13.747985,19.910000,17.367841,27.480000,18.512688,38.520000,29.595094,10.505000,11.090535
401,6.550000,8.378395,16.270000,13.747985,19.910000,17.367841,27.480000,18.512688,38.045000,29.366017,10.510000,11.090081
402,6.555000,8.377170,16.270000,13.747985,19.910000,17.367841,27.480000,18.512688,38.045000,29.366017,10.510000,11.090081
403,6.335000,8.289920,16.270000,13.747985,19.910000,17.367841,27.255000,18.389127,38.045000,29.366017,10.510000,11.090081
404,6.200000,7.996249,16.270000,13.747985,19.910000,17.367841,27.255000,18.389127,38.045000,29.366017,10.510000,11.090081
405,6.440000,8.188187,16.270000,13.747985,19.910000,17.367841,27.255000,18.389127,38.045000,29.366017,10.510000,11.090081
406,6.575000,8.394306,16.270000,13.747985,19.910000,17.367841,27.190000,18.264006,37.520000,28.866929,10.510000,11.090081
407,6.475000,8.328828,16.270000,13.747985,19.910000,17.367841,27.190000,18.264006,37.520000,28.866929,10.440000,11.074132
408,6.750000,8.624819,16.270000,13.747985,19.910000,17.367841,27.190000,18.264006,37.115000,28.554015,10.440000,11.074132
409,6.535000,8.260071,16.270000,13.747985,19.910000,17.367841,27.190000,18.264006,37.115000,28.554015,10.440000,11.074132
410,6.640000,8.575570,16.270000,13.747985,19.910000,17.367841,27.190000,18.264006,36.640000,28.292939,10.440000,11.074132
411,6.435000,8.177761,16.270000,13.747985,19.910000,17.367841,27.190000,18.264006,36.640000,28.292939,10.450000,11.070117
412,6.220000,7.848669,16.270000,13.747985,19.910000,17.367841,27.190000,18.264006,36.640000,28.292939,10.450000,11.070117
413,6.080000,7.747490,16.270000,13.747985,19.910000,17.367841,27.190000,18.264006,36.640000,28.292939,10.450000,11.070117
414,6.090000,7.782795,16.270000,13.747985,19.910000,17.367841,27.190000,18.264006,36.640000,28.292939,10.450000,11.070117
415,6.225000,7.870475,16.270000,13.747985,19.910000,17.367841,27.190000,18.264006,35.960000,27.595985,10.420000,11.046882
416,6.355000,8.232191,16.270000,13.747985,19.910000,17.367841,27.190000,18.264006,35.700000,27.233986,10.420000,11.046882
417,6.395000,8.376095,16.270000,13.747985,19.910000,17.367841,27.190000,18.264006,35.700000,27.233986,10.300000,10.952625
418,6.225000,8.061289,16.270000,13.747985,19.910000,17.367841,26.890000,18.401302,35.700000,27.233986,10.300000,10.952625
419,6.345000,7.945186,16.270000,13.747985,19.910000,17.367841,26.675000,18.184867,35.225000,26.935188,10.300000,10.952625
420,6.500000,8.459314,16.270000,13.747985,19.910000,17.367841,26.675000,18.184867,35.225000,26.935188,10.300000,10.952625
421,6.295000,8.198047,16.270000,13.747985,19.910000,17.367841,26.390000,17.853232,35.225000,26.935188,10.370000,10.969644
422,6.535000,8.443860,16.270000,13.747985,19.910000,17.367841,26.390000,17.853232,35.055000,26.631410,10.370000,10.969644
423,6.200000,8.198780,16.270000,13.747985,19.910000,17.367841,26.390000,17.853232,35.055000,26.631410,10.360000,11.008197
424,6.095000,8.091105,16.270000,13.747985,19.910000,17.367841,26.245000,17.940874,35.055000,26.631410,10.360000,11.008197
425,6.005000,8.091661,16.270000,13.747985,19.910000,17.367841,26.160000,17.844450,35.055000,26.631410,10.370000,11.024205
426,5.910000,8.028817,16.270000,13.747985,19.910000,17.367841,26.045000,17.835442,35.055000,26.631410,10.370000,11.024205
427,6.175000,8.183176,16.270000,13.747985,19.910000,17.367841,26.045000,17.835442,35.055000,26.631410,10.360000,11.008197
428,6.180000,8.311895,16.270000,13.747985,19.910000,17.367841,26.045000,17.835442,35.055000,26.631410,10.360000,11.008197
429,6.140000,8.366027,16.270000,13.747985,19.910000,17.367841,26.105000,17.942519,35.055000,26.631410,10.465000,11.065206
430,5.940000,8.257506,16.270000,13.747985,19.910000,17.367841,26.045000,17.835442,35.055000,26.631410,10.465000,11.065206
431,6.165000,8.445577,16.270000,13.747985,19.910000,17.367841,26.115000,17.807632,35.055000,26.631410,10.415000,11.040053
432,6.035000,8.404985,16.270000,13.747985,19.910000,17.367841,26.115000,17.807632,35.055000,26.631410,10.415000,11.040053
433,5.870000,8.054384,16.270000,13.747985,19.910000,17.367841,25.880000,17.681787,35.055000,26.631410,10.370000,10.969644
434,6.040000,8.370687,16.270000,13.747985,19.910000,17.367841,25.715000,17.534645,35.055000,26.631410,10.370000,10.969644
435,5.985000,8.456641,16.270000,13.747985,19.910000,17.367841,25.715000,17.534645,35.055000,26.631410,10.350000,10.967566
436,5.920000,8.312256,16.270000,13.747985,19.910000,17.367841,25.715000,17.534645,34.770000,26.236942,10.350000,10.967566
437,5.975000,8.548940,16.270000,13.747985,19.910000,17.367841,25.715000,17.534645,34.770000,26.236942,10.415000,11.040053
438,6.015000,8.095973,16.270000,13.747985,19.910000,17.367841,25.820000,17.794595,34.770000,26.236942,10.415000,11.040053
439,5.955000,8.096479,16.270000,13.747985,19.910000,17.367841,25.820000,17.794595,34.770000,26.236942,10.350000,10.967566
440,5.880000,8.034028,16.270000,13.747985,19.910000,17.367841,25.820000,17.794595,33.955000,25.456099,10.350000,10.967566
441,5.790000,7.955872,16.270000,13.747985,19.910000,17.367841,25.715000,17.534645,33.555000,25.040307,10.400000,10.965856
442,5.955000,8.288123,16.270000,13.747985,19.910000,17.367841,25.715000,17.534645,33.555000,25.040307,10.400000,10.965856
443,6.020000,8.360598,16.270000,13.747985,19.910000,17.367841,25.715000,17.534645,33.315000,24.628962,10.350000,10.967566
444,5.925000,8.117227,16.270000,13.747985,19.910000,17.367841,25.715000,17.534645,33.315000,24.628962,10.350000,10.967566
445,6.205000,8.520738,16.270000,13.747985,19.910000,17.367841,25.715000,17.534645,33.315000,24.628962,10.350000,10.967566
446,5.965000,8.035159,16.270000,13.747985,19.910000,17.367841,25.685000,17.542684,32.965000,24.171963,10.350000,10.967566
447,5.735000,7.787476,16.270000,13.747985,19.910000,17.367841,25.685000,17.542684,32.965000,24.171963,10.400000,10.993180
448,5.705000,7.792816,16.270000,13.747985,19.910000,17.367841,25.685000,17.542684,32.965000,24.171963,10.400000,10.993180
449,5.660000,7.751413,16.270000,13.747985,19.910000,17.367841,25.685000,17.542684,32.965000,24.171963,10.370000,10.942262
450,5.770000,7.989812,16.270000,13.747985,19.910000,17.367841,25.620000,17.446650,32.965000,24.171963,10.370000,10.942262
451,5.675000,7.920819,16.270000,13.747985,19.910000,17.367841,25.620000,17.446650,32.965000,24.171963,10.370000,10.942262
452,5.620000,7.874998,16.270000,13.747985,19.910000,17.367841,25.620000,17.446650,32.965000,24.171963,10.370000,10.942262
453,5.715000,7.738461,16.270000,13.747985,19.910000,17.367841,25.620000,17.446650,32.965000,24.171963,10.415000,11.044581
454,5.655000,7.728258,16.270000,13.747985,19.910000,17.367841,25.620000,17.446650,32.965000,24.171963,10.415000,11.044581
455,5.390000,7.218580,16.270000,13.747985,19.910000,17.367841,25.620000,17.446650,32.965000,24.171963,10.415000,11.044581
456,5.745000,7.698050,16.270000,13.747985,19.910000,17.367841,25.620000,17.446650,32.965000,24.171963,10.415000,11.044581
457,5.735000,7.682107,16.270000,13.747985,19.910000,17.367841,25.615000,17.439518,32.965000,24.171963,10.415000,11.044581
458,5.705000,7.566239,16.270000,13.747985,19.910000,17.367841,25.615000,17.439518,32.965000,24.171963,10.415000,11.044581
459,5.765000,7.863827,16.270000,13.747985,19.910000,17.367841,25.620000,17.446650,32.965000,24.171963,10.400000,11.041739
460,5.880000,7.972804,16.270000,13.747985,19.910000,17.367841,25.620000,17.446650,32.965000,24.171963,10.400000,11.041739
461,5.825000,7.965825,16.270000,13.747985,19.910000,17.367841,25.620000,17.446650,32.965000,24.171963,10.550000,11.183805
462,5.655000,7.735372,16.270000,13.747985,19.910000,17.367841,25.620000,17.446650,32.965000,24.171963,10.550000,11.183805
463,5.425000,7.298930,16.270000,13.747985,19.910000,17.367841,25.620000,17.446650,32.965000,24.171963,10.415000,11.087505
464,5.540000,7.662793,16.270000,13.747985,19.910000,17.367841,25.620000,17.446650,32.965000,24.171963,10.415000,11.087505
465,5.685000,7.797806,16.270000,13.747985,19.910000,17.367841,25.620000,17.446650,32.965000,24.171963,10.425000,11.083067
466,5.515000,7.304778,16.270000,13.747985,19.910000,17.367841,25.620000,17.446650,32.965000,24.171963,10.425000,11.083067
467,5.555000,7.461030,16.270000,13.747985,19.910000,17.367841,25.620000,17.446650,32.965000,24.171963,10.420000,11.074457
468,5.590000,7.324746,16.270000,13.747985,19.910000,17.367841,25.750000,17.515921,32.965000,24.171963,10.420000,11.074457
469,5.545000,7.275162,16.270000,13.747985,19.910000,17.367841,25.750000,17.515921,32.965000,24.171963,10.420000,11.074457
470,5.430000,7.204519,16.270000,13.747985,19.910000,17.367841,25.750000,17.515921,32.665000,23.705965,10.420000,11.074457
471,5.290000,7.051659,16.270000,13.747985,19.910000,17.367841,25.750000,17.515921,32.665000,23.705965,10.385000,10.988484
472,5.395000,7.122428,16.270000,13.747985,19.910000,17.367841,25.750000,17.515921,32.665000,23.705965,10.385000,10.988484
473,5.275000,7.002812,16.270000,13.747985,19.910000,17.367841,25.750000,17.515921,32.665000,23.705965,10.385000,10.988484
474,5.210000,7.008274,16.270000,13.747985,19.910000,17.367841,25.750000,17.515921,32.550000,23.614138,10.385000,10.988484
475,5.420000,7.139580,16.270000,13.747985,19.910000,17.367841,25.750000,17.515921,32.550000,23.614138,10.380000,10.986155
476,5.140000,6.743916,16.270000,13.747985,19.910000,17.367841,25.750000,17.515921,32.550000,23.614138,10.380000,10.986155
477,5.390000,7.262086,16.270000,13.747985,19.910000,17.367841,25.750000,17.515921,32.550000,23.614138,10.380000,10.986155
478,5.285000,6.856659,16.270000,13.747985,19.910000,17.367841,25.750000,17.515921,32.550000,23.614138,10.380000,10.986155
479,5.070000,6.557065,16.270000,13.747985,19.910000,17.367841,25.750000,17.515921,32.550000,23.614138,10.380000,10.986155
480,5.015000,6.493441,16.270000,13.747985,19.910000,17.367841,25.855000,17.775938,32.550000,23.614138,10.380000,10.986155
481,5.270000,6.968292,16.270000,13.747985,19.910000,17.367841,25.855000,17.775938,32.550000,23.614138,10.285000,10.836687
482,5.465000,7.093573,16.270000,13.747985,19.910000,17.367841,25.855000,17.775938,32.550000,23.614138,10.285000,10.836687
483,5.175000,6.661409,16.270000,13.747985,19.910000,17.367841,25.855000,17.775938,32.550000,23.614138,10.460000,11.033966
484,5.215000,6.646712,16.270000,13.747985,19.910000,17.367841,25.855000,17.775938,32.550000,23.614138,10.460000,11.033966
485,5.175000,6.635840,16.270000,13.747985,19.910000,17.367841,25.660000,17.657701,32.660000,23.564685,10.365000,10.885852
486,5.265000,6.692890,16.270000,13.747985,19.910000,17.367841,25.690000,17.404135,32.660000,23.564685,10.365000,10.885852
487,5.030000,6.533690,16.270000,13.747985,19.910000,17.367841,25.660000,17.429412,32.660000,23.564685,10.380000,10.986155
488,5.165000,6.698341,16.270000,13.747985,19.910000,17.367841,25.660000,17.429412,32.660000,23.564685,10.380000,10.986155
489,5.160000,6.591995,16.270000,13.747985,19.910000,17.367841,25.545000,17.363985,32.660000,23.564685,10.285000,10.836687
490,4.975000,6.422957,16.270000,13.747985,19.910000,17.367841,25.545000,17.363985,32.765000,23.519136,10.285000,10.836687
491,4.935000,6.440557,16.270000,13.747985,19.910000,17.367841,25.515000,17.319924,32.765000,23.519136,10.255000,10.784710
492,5.060000,6.717619,16.270000,13.747985,19.910000,17.367841,25.340000,17.278727,32.765000,23.519136,10.255000,10.784710
493,4.990000,6.709687,16.270000,13.747985,19.910000,17.367841,25.340000,17.278727,32.765000,23.519136,10.370000,10.881319
494,5.020000,6.748303,16.270000,13.747985,19.910000,17.367841,25.340000,17.278727,32.765000,23.519136,10.370000,10.881319
495,4.860000,6.600030,16.270000,13.747985,19.910000,17.367841,25.370000,17.323195,32.765000,23.519136,10.450000,10.929661
496,5.155000,6.912378,16.270000,13.747985,19.910000,17.367841,25.370000,17.323195,32.765000,23.519136,10.450000,10.929661
497,4.870000,6.538585,16.270000,13.747985,19.910000,17.367841,25.370000,17.323195,32.765000,23.519136,10.450000,10.929661
498,5.190000,6.867598,16.270000,13.747985,19.910000,17.367841,25.370000,17.323195,33.025000,23.498178,10.450000,10.929661
499,5.090000,6.752177,16.270000,13.747985,19.910000,17.367841,25.410000,17.435363,33.025000,23.498178,10.465000,10.954395
500,5.060000,6.823225,16.270000,13.747985,19.910000,17.367841,25.410000,17.435363,33.025000,23.498178,10.465000,10.954395
